"","articulation_name_list"
"1","â˜€ï¸ Nature is my church ğŸŒ²"
"2","Caucasiansá›‰Awaken"
"3","/pol/ 4chan"
"4","Jean Romegaire"
"5","Art of Resistance"
"6","Serbon Shop"
"7","WHITE WOMEN'S DISCUSSION CHANNEL âš¡"
"8","ğ—–ğ—¢ğ— ğ—¨ğ—¡ğ—œğ——ğ—”ğ—— ğ—œğ——ğ—˜ğ—¡ğ—§ğ—œğ—§ğ—”ğ—¦"
"9","Clockwork Crew"
"10","NightNation.Review | Official Announcements"
"11","Proto NDS âŒ"
"12","New Right News"
"13","Oakwood's Grove"
"14","WLM_USA_MINNESOTA"
"15","Freyhus Studio"
"16","WLM_USA_INDIANA"
"17","FOLKISH RESISTANCE MOVEMENT"
"18","âœ™ James A's Rants and Presentations âœ™"
"19","FIGHT CLUB"
"20","BOOKS STORE ğŸ“š"
"21","Only Users Lose Drugs"
"22","Hoosier Nationalists"
"23","Werra Elbflorenz"
"24","GoTo @NSC131OFFICIAL"
"25","Christian Taliban"
"26","ACTION FACTION"
"27","á´›Ê€ÉªÊ™á´€ÊŸ á´€Ê€Êá´€ êœ±á´á´„Éªá´‡á´›Ê"
"28","Nationalist Street Art"
"29","MYSTIC"
"30","Patriot Front Videos"
"31","AntifaWatch"
"32","AntifashGordon Lawsuit"
"33","The Baltic Resistance"
"34","Tasman Forth"
"35","COMITÃ‰ DU 9 MAI ğŸ´"
"36","Fight the System Shop / Blog"
"37","Britain Expects"
"38","Crow Eater"
"39","Building Autonomy â’¶"
"40","WildRoseXIV"
