,name,invConstraint
21,Britain Expects,1.113877389
143,ACTION FACTION,1.110974486
444,BOOKS STORE ğŸ“š,1.102459793
377,Only Users Lose Drugs,1.102414265
322,GoTo @NSC131OFFICIAL,1.100858951
32,Crow Eater,1.098078735
86,AntifaWatch,1.097393272
124,AntifashGordon Lawsuit,1.097341933
207,â˜€ï¸ Nature is my church ğŸŒ²,1.096300223
439,NightNation.Review | Official Announcements,1.092053042
193,Patriot Front Videos,1.09089349
506,Art of Resistance,1.09038873
251,Clockwork Crew,1.090043297
199,Hoosier Nationalists,1.087118684
520,Serbon Shop,1.086000413
48,COMITÃ‰ DU 9 MAI ğŸ´,1.084599496
11,Building Autonomy â’¶,1.08130954
532,Jean Romegaire,1.078425142
1,WildRoseXIV,1.076574099
218,WLM_USA_INDIANA,1.075313351
160,Nationalist Street Art,1.073052315
56,Tasman Forth,1.072569804
423,ğ—–ğ—¢ğ— ğ—¨ğ—¡ğ—œğ——ğ—”ğ—— ğ—œğ——ğ—˜ğ—¡ğ—§ğ—œğ—§ğ—”ğ—¦,1.071230794
45,âœ™ James A's Rants and Presentations âœ™,1.071185942
66,Voter Apathy Party,1.069689509
6,Florida Active Club,1.069327251
36,Christian Taliban,1.06696236
10,WLM_USA_MICHIGAN,1.066622242
856,WHITE WOMEN'S DISCUSSION CHANNEL âš¡,1.066176471
164,Junge Nationalisten,1.065338382
438,Oakwood's Grove,1.064135743
28,WLM_CANADA_MANITOBA,1.063163175
147,Stephen A. McNallen,1.059288591
38,Veren Laki,1.059181501
209,Proto NDS âŒ,1.059119839
61,The Baltic Resistance,1.058983837
20,Dominion Active Club,1.057130379
129,MYSTIC,1.056807353
15,Princeps Veritas,1.056676603
609,FIGHT CLUB,1.056294365
254,New Right News,1.056102071
71,Fight the System Shop / Blog,1.055832964
114,Freyhus Studio,1.05535779
138,Patriot Front,1.054538876
596,WLM_USA_MINNESOTA,1.054082735
5,Austhetics,1.053673062
159,á´›Ê€ÉªÊ™á´€ÊŸ á´€Ê€Êá´€ êœ±á´á´„Éªá´‡á´›Ê,1.052436193
175,Patriot Front Sightings,1.050458417
72,Share Defiant,1.048021533
229,#freemrbond,1.047118381
709,/pol/ 4chan,1.045940467
196,FOLKISH RESISTANCE MOVEMENT,1.043906873
31,White Lives Matter Spain,1.04357315
170,MAKSS DAMAGE OFFIZIELL,1.042661354
195,Werra Elbflorenz,1.041657757
3,IMPERIVM,1.03920649
26,Patriot Front Promotional Materials,1.039080163
467,Memory Holed,1.037008977
224,Kavalier NDS,1.036189113
12,Activism Athletics Identity (uncensored),1.036073312
84,This channel is no longer in use,1.030744431
7,Amalek International V3.0,1.030129844
180,ğŸ’€ PHILANTHROPIC DIVISION ğŸ’€,1.029287138
156,Alamo Active Club,1.026010845
96,UNN,1.023950012
52,WLM_USA_MONTANA,1.023363576
39,Amerikaner Updates,1.023353453
259,The Real Kim Shadyâ„¢ï¸,1.022111301
150,No Chance,1.020865429
248,Join @EuropeanWrath,1.020543788
142,Northwest Imperative,1.020155892
737,Caucasiansá›‰Awaken,1.018679469
62,Thomas Sewell,1.015331448
43,La cagoule1937,1.014729832
16,WILL2RISE-SHOP,1.014106622
76,Australian Nativists,1.0115376
252,Tennessee active club,1.01027933
121,Antifa Public Watch ( Anti-Antifa ),1.009818602
80,WLM USA WASHINGTON,1.008208456
59,Southwest Oregon Active Club,1.006325808
197,Wyoming Active Club,1.003860381
204,The William McKinley Institute,1.003769217
2,Australian National Front,1.003577296
321,Southern Nationalism,1.00234805
192,Project Veritas,1.000825836
187,Kanal Sturmzeichen,1.00044914
291,Das Schwarze Korps [Censored],0.996002977
266,S,0.98935068
13,White Unity Project,0.989079197
205,aktivkleber,0.988141943
234,ğŸ™Lovecraft's CatğŸ™,0.987933887
19,ğŸ¦…RADICAL RISINGğŸ‡ºğŸ‡¸,0.987419249
23,Warrior Path Active Club,0.986966447
110,The National Justice Party,0.985752805
450,Hwitgeard,0.984748667
154,KAGBABE,0.983320017
44,No BS News,0.979152245
63,W2R Records,0.974968215
233,Tinnitus Records,0.974515828
539,âš¡ï¸ NSDAP was Christian,0.973227727
155,Rose City Nationalist Club,0.972676298
412,Dave Martel,0.971655984
157,Join @EuropaDefenders,0.971099185
250,WIGNAT AESTHETICS,0.97073552
77,ğ™ğ–”ğ–”ğ–’ğ–Šğ–—ğ–ğ–†ğ–‹ğ–‹ğ–Šğ–“,0.970155636
454,Glavkopis,0.969924232
115,Morrigan âš¡ï¸Astro_Fash,0.969328294
511,Bay State Active Club,0.968874069
440,Kampf der Nibelungen,0.968840502
112,Megamachina âš™,0.968633595
388,Heritage Appalachia,0.966203351
201,Internet puke,0.965222969
466,Simon Holmqvist,0.963062417
455,THE NORTH FOLK,0.962968624
165,Ğ‘ÑƒĞ½Ñ‚ Ğ¡Ñ€ĞµÑ‰Ñƒ ĞœĞ¾Ğ´ĞµÑ€Ğ½Ğ¸Ñ Ğ¡Ğ²ÑÑ‚,0.962737823
133,Voluntarist Memes,0.956969422
392,Arktos,0.952683701
563,Cascadian Barbarian,0.951913035
585,"""Der III. Weg"" - Burgenlandkreis",0.951002358
89,Centuria,0.950353079
364,Niggers,0.949749891
184,Sacramento Proud Boys,0.949254373
126,Thuletide,0.949048848
25,Active Helsinki,0.948660941
576,MidgÃ¥rd Records,0.947630016
311,#,0.947164066
637,RWDS FITNESS,0.946965512
211,Gypsycrusader,0.946630742
179,Highland Division Scotland,0.946351368
227,Deutsche Weltanschauung,0.945946709
203,Diary of an Underground Ronin,0.945423829
127,Pride & Combat PNW,0.945349806
401,JobbszÃ©lsÅ‘ ğŸ‡­ğŸ‡º,0.945263723
326,Actaeon Press,0.944947086
477,Mike Peinovich,0.944391012
171,Ein Prozent,0.942709185
507,DNA Nationalism,0.94194843
30,The Western Chauvinist,0.941443046
87,British Democrats,0.941387097
215,The End Times,0.941191333
300,á›‹á›‹-Australis,0.940357232
64,W2R Records,0.939221316
131,BonnieLad,0.937788253
153,SfN - Arbeitskreis Sicherheit,0.937589743
245,Active Patriot UK,0.937093431
113,Chris Patriotic Talk Channel,0.934670051
499,Folkish Appalachia,0.91979568
65,Wild Rose Ultras (Secondary),0.919535726
117,Ireland Knows,0.919159331
336,Paul Waggener Official,0.918249539
575,Sons of Columbia,0.918031261
176,Hooligans.cz,0.917773657
168,Vincent James,0.917654275
298,Hexogen Outdoor/LebensART,0.917219521
225,Tennessee ACTIVE CLUB Uncensored,0.917213722
220,XYZ News,0.916681327
125,AntifashGordon Lawsuit,0.916296934
327,NÃ¤ste 1,0.915999808
586,NationalrevolutionÃ¤re Jugend - NRJ (Der III. Weg),0.91570968
286,Europa Invicta,0.915612596
360,Sounds About White,0.915146912
540,SanatanaDharma,0.915145789
261,Big Sky AC (Uncensored),0.914948326
335,Western Heritage,0.914456816
253,Wild Rose Ultras (Main),0.91415822
105,ğ‘ğğ­ğšğ«ğğ¬ ğ¨ğŸ ğ“ğ¢ğ¤ğ“ğ¨ğ¤,0.914071586
512,Will the Viking 88,0.914021251
307,Wotanâœ™Jugend,0.913946905
415,á¢ á» á¬ âš¡ï¸á© áª á¦ âš¡ï¸ áš á» áª á£ á¦,0.913716153
277,Albertaê‘­Based,0.913022145
93,The Western Chauvinist,0.912981721
246,Sons of Appalachia,0.912650069
14,Channel discontinued,0.912351531
411,ğ“ğ€ğ‚-ğ€ğ™,0.912112379
73,Share Defiant,0.912034436
410,ĞšĞĞ ĞŸĞĞ¢Ğ¡Ğ¬ĞšĞ Ğ¡Ğ†Ğ§,0.911495597
589,The Aryan Path,0.911341493
449,Hyperborean Alpine Fitness Club,0.91081117
91,ğ“ğ€ğ‚-ğ€ğ™,0.910674911
418,Media Tricks Exposed âœ¨,0.910504152
346,POYNews,0.910015865
419,Ãšj csatorna -> https://t.me/nzona3,0.909626781
109,Frequent Fliers,0.909460992
428,Saxlinds klotterplank,0.908907522
119,Every Day,0.907906212
67,Lyon Populaire,0.907807074
41,Sinimusta Liike,0.90765559
230,Conquer Memes for Dixie,0.906959908
354,Active Club Ozarkia,0.90599062
183,**DRESDEN-GEDENKEN 2023** #DD2023,0.905636441
141,Police frequency,0.902681787
351,The Daily Rake,0.901331341
213,WLM_USA_DELAWARE,0.89724312
219,White Awakening á›‰,0.883321594
276,Chad loder,0.871647538
83,Jimeone Roberts,0.871080222
421,Black Sun Network.,0.870866329
345,Guide to Kulchur,0.870736508
538,Asgard Video,0.870121879
588,LÃ©on Degrelle Archive,0.869842725
188,John_Fashcroft (announcements),0.869213399
663,The New American magazine,0.869055301
101,Rare Hitler PicturesÂ©ï¸,0.868367569
270,The White Space,0.868331295
281,Tennessee Nationalists,0.868331295
49,Nordic Casual,0.867241781
166,Fashposting,0.86717293
316,Patriot Girls United,0.866607691
173,Fashwave (apple ban),0.866443142
320,Hyphen-Report,0.866135133
299,ADVOCATE !,0.865483858
104,WLM_ZUID_HOLLAND,0.865079269
504,International Conservative Community,0.864872
394,Sons of Sol,0.864776578
565,ğŸ”´ GoyimTV âšª CLIPS âš«,0.86435317
553,Enjoy the Decline,0.86422085
329,White Woman Things,0.863190464
429,WLM_EU_FRANCE,0.863181994
407,NorCal Active Club,0.863117567
491,/pol/ news archive,0.863000624
247,Punished Clossington,0.862854825
108,The American Nativist,0.862359648
167,Justice Report,0.862146922
130,The Nationalist Perspective,0.861899467
190,Joel Davis,0.8618349
309,Lauren Witzke âœï¸ğŸ‡ºğŸ‡¸,0.861545548
396,Russell TEXAS Bentley,0.861244638
265,RR,0.861134009
448,BC Neanderthal Mindset,0.861090434
264,AG KÃ¶rper & Geist,0.860771262
149,SSAC Directory,0.860710152
280,Anabolic Outlaw Coaching,0.860422874
189,Mike Enoch Peinovich,0.860268348
128,Pride & Combat PNW,0.857988809
151,Pembrokeshire Patriot (Darren Edmundson),0.857687828
495,â˜€ï¸The Sun Ridersâ˜€ï¸,0.857612797
293,Independent Nationalist Network,0.857417969
619,WLM_USA_TENNESSEE,0.857371908
427,Ğ ÑƒÑÑĞºĞ¸Ğ¹ Ğ¦ĞµĞ½Ñ‚Ñ€,0.857199178
222,ArizonaAction,0.856177987
347,Jack Eltis,0.853574528
366,Sergeant Nick Hein,0.853574528
447,ğ“£ğ“»ğ“ªğ“­ğ“²ğ“½ğ“²ğ“¸ğ“·ğ“ªğ“µ ğ“ğ“®ğ“¼ğ“½ğ“±ğ“®ğ“½ğ“²ğ“¬,0.853574528
303,Heavy Duty Fitness Club,0.853330764
226,resistend,0.853037251
398,Great As Fuck,0.851714952
359,ğ“¥ğ“ªğ“³ğ“»ğ“ª ğ”ƒğ“¸ğ“¸ğ“¶ğ“®ğ“»,0.846991949
542,"Romanticism, irreverence & adrenaline",0.791666667
635,ACWW ğŸ•°ï¸âšª,0.791666667
638,Ä€ryÄvarta á›Ÿ Archive,0.791666667
916,Faggot Hate,0.791666667
68,King Of The Streets,0.789351852
163,Wisconsin Active Club,0.789314318
483,COLE WOLFSSON,0.789268248
714,Invisible Empire Publishing,0.7882576
783,Fascist Fitness,0.787708293
927,Censored Anon,0.787530962
100,Strike Force Worldwide,0.787386043
341,ğ—”ğ—¥ğ—¥ğ—¢ğ—ª,0.787373987
214,The Virginia Flaggers ğŸ‡¸ğŸ‡´,0.787257582
94,Operation Werewolf Official,0.787146279
69,The Restoration Bureau,0.786953031
111,Paper Tiger debate/discussion forum,0.786953031
599,WLM_USA_TEXAS,0.786833397
771,ENDWORLD ARTS,0.786795864
928,ğ—¢ğ—³ğ—³-ğ—šğ—¿ğ—¶ğ—± ğ—œğ—¿ğ—²ğ—¹ğ—®ğ—»ğ—± â˜˜ï¸,0.786658
292,Of the Ducks & the Hens,0.786412318
271,Hrvatski Aktivni Klub,0.786182158
516,Patriotic Alternative Scotland,0.786030273
263,Whites World Wide,0.785902267
200,Celine D'Bombatiste,0.785804395
302,SoNo's SYNDICATE,0.785782099
275,Black Swan,0.785706735
186,Autonom.pl - portal niezaleÅ¼nych nacjonalistÃ³w,0.785563886
331,Homeland and Family,0.785476396
422,Raw Egg Nationalist,0.785476396
626,Bellum,0.78539287
769,Natsoc Florida,0.78539287
81,Hammer House,0.785329146
132,PSAC1488,0.784928709
102,Counter-Currents,0.784622717
51,HATBAREN 38 WERMLAND.,0.784542219
98,Aktivklubb HÃ¤lsingland,0.784542219
370,PC Records offiziell,0.784073393
279,Dystopian Dissident Art,0.783889455
340,ImbolcsLicht,0.783889455
140,Full ğŸŒ± Haus,0.783864161
526,Revolutionary White Brotherhood,0.783532283
33,ğŸ´â€â˜ ï¸ nationalist.network,0.783428903
408,Beyond The Grill,0.78320693
558,âœ™Ğ¡ĞŸĞ•Ğ¦ĞŸĞ†Ğ”Ğ ĞĞ—Ğ”Ğ†Ğ› Â«KRAKENÂ»âœ™,0.783206258
543,Justice for Jupiter,0.783159786
544,Antelope Hill Publishing,0.783159786
713,And Here We Are,0.783130679
122,Las Vegas Active Club,0.783057365
152,Generation Identity,0.782585956
312,NDS Records Offiziell,0.782338323
191,"""Der III . Weg"" - Berlin / Brandenburg",0.7822421
244,ĞĞ—Ğª - AZA,0.782230044
381,The American Spirit,0.782222049
627,Chrysopoeia â˜€ï¸,0.782202035
712,âšœN.Z.Dâšœ,0.782084844
780,WLM_USA_NORTH_CAROLINA,0.782027079
625,Active Club IL,0.781565203
479,Jack Dawkins,0.781554254
608,Thomas Sewell backup,0.781096876
315,Only Street Fighting,0.780606296
374,Globohomo Disrespecter,0.780546342
372,ğŸ©¸ BLOOD TRIBE OHIO ğŸ©¸,0.780035935
630,The Modern Rebellion,0.779371266
288,Detroit Alternative Training Club,0.778920854
343,Pure as fuck,0.778920854
378,Covid Red Pills ğŸ’Š,0.778920854
385,The Boat Shoe Beat,0.778920854
403,OPOS RECORDS (offiziell),0.778920854
451,Channel discontinued,0.778920854
592,D.V.C.,0.778763378
605,WLM_reading,0.778763378
405,How to Get Radicalized,0.778489947
235,Just Goyly Things,0.777932306
206,HATE FACTS,0.777762984
453,The New Prometheism,0.777221858
148,Black Legion Wear,0.77699345
484,EarthPorn,0.776750549
774,WLM_CANADA_ALBERTA,0.776380478
228,Ice Age Imperium,0.77427751
305,Vinland Battlewear,0.77168718
332,New Dawn of White Action,0.77168718
287,BjÃ¶rn BjÃ¶rkqvist,0.771515998
333,NS ACTION,0.771175692
79,Bay State Active Club,0.770580732
581,Vaderland V2 Afrikaans,0.770574243
610,American Nationalist Movement,0.768107983
584,Worth Fighting For,0.765867918
705,Huxâ€™s Deluxe Channel,0.760713026
707,ğŸ‡®ğŸ‡±ğŸ‘€ Jew Spotting!!,0.760713026
8,Karl T's Bitcoin Channel,0.625
29,National Socialist Network,0.625
178,WLM_USA_OHIO2,0.625
208,11,0.625
210,Jazzhands,0.625
212,MurderTheMedia,0.625
216,Patriotic Alternative South East,0.625
231,Sieg Hodl's Armory,0.625
236,WLM_CANADA,0.625
237,Pride France ( officiel ).,0.625
242,Active Club France,0.625
243,Nordic Frontier,0.625
267,Traditional Europe,0.625
317,AvosTV,0.625
323,WLM_USA_VIRGINIA,0.625
350,A sport mindig honvÃ©delem! ğŸ’ªğŸ‘Š,0.625
400,Hullensian,0.625
430,Heeb Watch,0.625
550,Working Man Memes,0.625
562,ğ’ğˆğ†ğŒğ€,0.625
595,White is Sublime,0.625
624,GreatApeNiggy,0.625
628,Croatian Spirit,0.625
633,The Davenport of Jack McKraken,0.625
647,Full Haus Classic,0.625
656,âšœSchutzstaffel Historyâšœ,0.625
662,Lucien Lacour,0.625
681,Patriotic Alternative Official,0.625
718,Alsatian East,0.625
729,Lebenswert,0.625
731,"Rerum Novarum // Intelligence, Breaking News, and Alerts",0.625
747,14 Sacred Words,0.625
792,A Sewellian Dream,0.625
808,The Forbidden Bookclub,0.625
862,The Right People Z,0.625
873,Casus Belli,0.625
899,Third Position Radio,0.625
911,Andrew Joyce Unofficial Archive,0.625
920,Geuzenbond â€“ International,0.625
922,NORDICISM,0.625
925,Baileys archive,0.625
931,SaveYourBloodğŸ‡µğŸ‡±,0.625
938,áš¾á›Ÿáš±áš¦áš¢áš±á›šá›–á›áš¦,0.625
952,Sigmund's Metaphysical MÃ¤nnerbund ğŸœ¨,0.625
998,Europa - The Last Battle,0.625
255,Nordic Sun Records,0.621453213
284,Will to Power,0.621453213
289,ğŸ”¥Spicy Steamed MemeballsğŸ”¥,0.621453213
301,Red Ice TV,0.621453213
313,Arminius News ğŸ“°,0.621453213
342,ğ•½enaissance ğ•»erspectives,0.621453213
353,WLM_USA_ALABAMA,0.621453213
367,GoyimTV.TV,0.621453213
373,Szabad Szellem - Magyar KultÃºra AlapÃ­tvÃ¡ny,0.621453213
382,Nya Dagbladet,0.621453213
393,WLM_USA_NEW_JERSEY,0.621453213
395,Harcunk.info,0.621453213
413,Tradicija proti tiraniji/Tradition against Tyranny,0.621453213
414,Dixie Polis,0.621453213
425,Salofaista think chamber,0.621453213
433,Intermarium Support Group,0.621453213
442,DVX Publishing Co.,0.621453213
445,Southern Secessionist Sanctuary- South Carolina Division,0.621453213
294,Gab.com,0.62100504
330,AUCTORUM,0.62100504
357,Resistor Newswire,0.62100504
375,KL_Militaria,0.62100504
380,Southern Secessionist Sanctuary,0.62100504
435,"Blood, Sweat and Soil.",0.62100504
120,ğŸ´â€â˜ ï¸CULTURE WAR CRIMINAL,0.620760583
272,The Golden One,0.62074702
324,Embrace Struggle AC,0.62074702
376,WLM_USA_OHIO,0.62074702
399,ğŸ©¸ğŸ©¸HAMMERğŸ©¸ğŸ©¸,0.62074702
416,Germania Invicta,0.62074702
1037,Der III. Weg (Der Dritte Weg),0.620742317
1039,Steve Bannon's War Room Pandemic,0.620742317
1040,Aesthetics rising (Mountain Man),0.620742317
1046,The Destruction of Europa 2 ğŸ¤œğŸ»âš¡,0.620742317
384,Lazarus Symposium,0.62066257
136,Bay Area Anti-Communist Crew,0.62049786
177,"Christian Aryanism â€” Fides et Gens, Inseperable.",0.62049786
537,The Mannerbund,0.620484297
569,Utumno,0.620484297
888,NRM back up,0.620399847
932,Militant Wire,0.620399847
985,Europa Invicta - Old School,0.620309751
37,Lacagoule1938,0.620049687
103,L'Oriflamme Rennes,0.620049687
135,Empire_State_Stormers,0.620049687
547,"Aryan Paganism, Traditions and Art (APTA)",0.620036123
896,Southern Secessionist Sanctuary- Tennessee Division,0.619951673
34,No Compromise Clothing,0.619791666
35,OUEST Cğ–¦KINS,0.619791666
40,Great Plains Active Club,0.619791666
47,Active Club Estonia,0.619791666
53,Vers les Ã©toiles,0.619791666
55,GUD PARIS,0.619791666
88,WLM_viewing,0.619791666
95,Bronze Age Active Club,0.619791666
106,RURAL â´²FFENDER,0.619791666
116,Nationalists United Reborn,0.619791666
123,Product Of Society,0.619791666
144,Bros Pose Like Hoes Exposed,0.619791666
146,Disclose.tv,0.619791666
172,Defamation League,0.619791666
485,European Heritage,0.619778103
490,Goyimberg Propaganda Division,0.619778103
515,Ğ¼ĞµÑ…Ğ¾Ğ²Ğ°Ñ Ñ„Ğ°Ğ±Ñ€Ğ¸ĞºĞ°.mp4,0.619778103
533,"European Tribalism - Mythology, European culture, survival",0.619778103
535,Movement History,0.619778103
57,The Western Chauvinist (censored),0.619707217
476,Patriotic Alternative Wales,0.619693653
493,AB Resurrected,0.619693653
509,Wehrwolf Dynamics,0.619693653
514,Old Country Vibes,0.619693653
528,â„ğ• ğ•¦ğ•¤ğ•– ğ• ğ•— â„¤ğ• ğ• ğ•ğ•–ğ•£ğ•¤,0.619693653
530,The Conspiracy Hole,0.619693653
551,ğŸ…µğŸ†ğŸ…´ğŸ…´ ğŸ†‰ğŸ…¾ğŸ…½ğŸ…´,0.619693653
594,Aryan Living,0.619693653
607,SimonLindberg,0.619693653
99,White Strike Worldwide,0.619617121
158,JUNGE TAT,0.619617121
198,WLM_EU_NETHERLANDS,0.619617121
488,American Freedom Party,0.619603558
510,ğŸ©¸ğ–ğ–†ğ–—ğ–‡ğ–ğ–“ğ–Œğ–Šğ–— ğ–”ğ–› ğ–ğ–†ğ–™ğ–ŠğŸ©¸,0.619603558
517,Proud Poland,0.619603558
404,âšœï¸Aryan Occultismâšœï¸,0.618618737
391,ğŸŒ³ ğ™ğ–”ğ–”ğ–’ğ–Šğ–—ğ–ğ–†ğ–‹ğ–‹ğ–Šğ–“ ğŸŒ³,0.618382966
935,Philosophy and Science,0.618356014
939,The Fascifist Archive,0.618356014
387,BetyÃ¡rsereg,0.618176759
402,The Official League of the South,0.618176759
749,Hyperborean memes,0.617914035
751,OUEST CASUAL â¡ï¸ RESCUE CHANNEL,0.617914035
753,Archive,0.617914035
757,ğ•¿ğ–ğ–Š ğ–‡ğ–ğ–Ÿğ–†ğ–—ğ–—ğ–Š ğ–™ğ–ğ–”ğ–šğ–Œğ–ğ–™ğ–˜ ğ–”ğ–‹ ğ–’ğ–ğ–“ğ–Š,0.617914035
710,WLM_USA_FLORIDA,0.617672069
46,Active Club OmertÃ  Crew,0.617663384
54,WLM_USA_IDAHO,0.617663384
554,Tradition and Order: International,0.617649821
559,ANTIFA WATCH,0.617649821
570,White Advocate,0.617649821
572,ğ‚ğ‘ğ„ğ– ğŸ‘ğŸğŸ— [ğ˜½ğ˜¼ğ™‰ğ™‰ğ™€ğ˜¿],0.617649821
27,PNWGUERRILLA (Official),0.617427612
505,The JQ,0.617414049
561,Ancient Aryan Archives,0.617414049
604,Propaganda Waffen,0.617414049
523,ğŸ”Š ğÑ”Ã˜â“ƒ ä¹ƒğ‘œğ•†ğ•„ä¹ƒáµ’Ï‡ ğŸ”Š,0.617207842
389,ğ™¸ğš–ğšŠğšğšğš—ğšœ...,0.617147025
417,Union 88 Gas Co.,0.617147025
750,(315h> Book Locker,0.617123392
762,Volchads - garbage time is running out Edition,0.617123392
778,The Apollonian,0.616093658
779,White Boys Street Art,0.616093658
786,Southern Sons Active Club,0.616093658
787,Privacy & Security Goys,0.616093658
137,Luminis Paris,0.615506387
473,National Traditionalism,0.615492823
606,SÌ’Í‚Ì“Í¦Ì¬Ì Ì¥Ì¼ÌÍCÍÌ HÌ‡ÌŒÌ‰Ì¯Ì°IÌÍ®Í¥Ì„Í‚ÌÍ®ÍˆÌ—Ì¼Í‰ZÍ¨Í†Ì²Í‰Í‰Ì¬Í™OÍ¯Í§Ì£Ì–Ì¤Ì¦Ì–ÌºPÍ„Ì˜Ì±OÍ¥ÍŒÍ¤Í„Ì£Ì—Ì»ÍšÍ”Í•Ì–SÍ¬Í…ÌªÍ‰Ì˜ÍTÌ‚Í¬Í¬Í†Ì©Í‰I ÌÌÍŒÌ’ÌÌ»ÍšÍ”Ì«ÌÌ²NÍ‚Í®ÍªÌ¬ÍˆGÌ‡Í‘ÍÍ†Í“Ì–Ì£Í–Ì¤,0.615492823
719,Reichsfoto,0.614915619
722,A,0.614915619
724,WaffleWaffen ğŸ§‡ğŸ¥“ğŸ§‡,0.614915619
338,Nationalist -13,0.614811574
437,Arizona Action,0.614811574
621,Racial Science,0.614786223
623,á›‰ ATTACK á›‰,0.614786223
822,Texas Nationalist,0.61454885
834,WLM_USA_OKLAHOMA,0.61454885
840,Die Vryburger Beweging,0.61454885
846,Alternativ fÃ¶r Sverige,0.61454885
828,GoTo @NSC131OFFICIAL,0.614100677
784,Skippy's White Boy Fight Tips,0.614049826
285,GranskogsFolket,0.612606497
622,Nordisk Radio,0.612506619
736,Morgoth's Review,0.612343774
258,ğ“’ğ“¸ğ“¶ğ“® ğ“—ğ“¸ğ“¶ğ“®,0.6121234
306,Nordic ğŸœ¨ Dawn,0.6121234
658,1. Mai 2022 - Arbeiterkampftag in Zwickau,0.611860677
397,VR Crew News,0.611311483
752,â„šğ•¦ğ•šğ•¥ğ•– ğ•€ğ•Ÿğ•¥ğ•–ğ•£ğ•–ğ•¤ğ•¥ğ•šğ•Ÿğ•˜,0.611272396
687,WLM_USA_COLORADO,0.61104876
692,Steve Laws,0.61104876
471,Striker Unfiltered,0.610896283
863,Patrick Quinlan,0.610883957
864,La mesnie Herlequin,0.610883957
865,UN SÃ¼dhessen/ Westerwald/ Taunus,0.610883957
866,LifeSiteNews,0.610883957
867,Global Resistance News,0.610883957
868,James Reynolds,0.610883957
869,ğŸ” OUEST CASUAL UNDERGROUND ğŸ”,0.610883957
872,RaphaÃ«l Ayma,0.610883957
817,Jack Posobiec,0.610438995
690,The Beauty Of The West ğŸ¤â„ï¸,0.610258116
75,Evergreen Active Club,0.60907159
181,GumTreeParty ğŸ‡¦ğŸ‡º,0.60907159
618,Above Time Coffee Roasters,0.60858081
686,Archiving Irish Diversity Stuff (AIDS),0.607772305
803,Pugilato NS Hardcore ê‘­,0.606257894
693,Bronze Age Revival,0.605937998
694,ğ‘¹ğ‘¬ğ‘°ğ‘ªğ‘¯ ğ‘¨ğ‘¹ğ‘ªğ‘¯ğ‘°ğ‘½ğ‘¬,0.605937998
695,White Rex Original,0.605937998
696,International Blackshirts,0.605937998
697,White privilege?,0.605937998
698,Team Asgard,0.605937998
699,The Wardrobe ğŸ‘‘,0.605937998
700,Memes Among the Ruins,0.605937998
701,Karl Folkesson,0.605937998
702,MotstÃ¥ndsrÃ¶relsen.se,0.605937998
703,GruppaOF Official ğ•³,0.605937998
802,DER III. WEG - Sachsen,0.605825328
807,Warren Balogh NJP ğŸ’€âš¡âš¡,0.605825328
223,Wandering SpÎ›rtan,0.605102852
671,Lothringen Division,0.604233791
704,Homestead Appalachia,0.602247072
328,NacionalistÃ©,0.602090607
371,Î›Î±ÏŠÎºÏŒÏ‚ Î£ÏÎ½Î´ÎµÏƒÎ¼Î¿Ï‚ Î§ÏÏ…ÏƒÎ® Î‘Ï…Î³Î® - Golden Dawn -,0.602090607
706,European Rebels,0.601904602
668,Radio Albion,0.601827884
875,TikTock News & Humor,0.601827884
556,Tommy Robinson News,0.601121691
612,Based Book Excerpts,0.598993408
615,Revolution auf Sendung,0.598993408
283,High Desert Legionaries Active Club,0.597732968
602,WLM_EU_ITALY,0.596764052
611,Revolt Through Tradition,0.585314806
739,Mark Dice,0.582706243
249,Fashwave ğŸŒ¥ï¸,0.573296056
4,jews.com.au,0.125
9,Blair Cottrell,0.125
17,Occinat Hub,0.125
18,GoTo @NSC131OFFICIAL,0.125
22,The Live in 33 Radio,0.125
24,Northwest Nationalist Network,0.125
42,White Bears CheÅ‚m - Autonomiczni NacjonaliÅ›ci,0.125
50,Rundo's spot,0.125
58,Boots and Boxing Gloves,0.125
60,Eternal Muscovite ğŸ‡·ğŸ‡º=â˜­=âœ¡ï¸,0.125
70,RACE WAR: This Time The Galaxy,0.125
74,Nationalist Social Club,0.125
78,Proud Boys: Uncensored,0.125
82,Goto: @zoomerwaffen06,0.125
85,European Australian Movement,0.125
90,WLM_viewing,0.125
92,West Country Bumpkin,0.125
97,Telegram Tips,0.125
107,Ultras Not Reds,0.125
118,Every Day,0.125
134,Puget Sound Active Club,0.125
139,Punished Dissident âšœï¸,0.125
145,FreeEuropa.org Announcements,0.125
161,Keep Danville European 1858 KDE,0.125
162,Infokanal DeutschÃ¶sterreich,0.125
169,ğˆğ¦ğ©ğğ«ğ¢ğ¨ ğ€ğ®ğ¬ğ­ğ«ğšğ¥ ğŸ´â€â˜ ï¸,0.125
174,Wild Rose Ultras (Private),0.125
182,Cercle Oswald Spengler,0.125
185,ğ—”ğ—¿ğ˜†ğ—®ğ—» ğ—˜ğ˜ğ—µğ—¼ğ˜€,0.125
194,WARPIG memes,0.125
202,RISING RACE,0.125
217,Western Decline,0.125
221,KOMBAAT_NONKONFORMIST_RAP,0.125
232,"Activism, Athletics, Identity",0.125
238,Inside the 3rd Reich,0.125
239,å Nathan Bull å,0.125
240,HMTLBE CREW,0.125
241,LewisCountryStore,0.125
256,Tá•¼E á‘EO-Tá–‡Iá—·á—©á’ªIá”•T,0.125
257,ĞĞ°Ñ†Ğ¸Ğ¾Ğ½Ğ°Ğ»Ğ½Ğ° ÑÑ‚Ñ€Ğ°Ğ¶Ğ°,0.125
260,Nslf,0.125
262,ğ•„ğ• ğ••ğ•–ğ•£ğ•Ÿ ğ•‹ğ•£ğ•’ğ••ğ•¨ğ•šğ•—ğ•–,0.125
268,á›á›—á›ˆá›–áš±á›áš¢á›—,0.125
269,Path of Totality,0.125
273,Menace,0.125
274,The Wotan Network,0.125
278,TvÃ¥saxe,0.125
282,Nordfront,0.125
290,Hoosier Nationalists,0.125
295,Basedtok,0.125
296,ğŸ± RUNIC STORM ğŸ±,0.125
297,Active Club Dietsland,0.125
304,Raven Atelier,0.125
308,PugetSoundActiveClub(Uncensored),0.125
310,TrÃ¤tÃ¤lja Records,0.125
314,WLM_Canada_Toronto,0.125
318,WolfPMS,0.125
319,BastiÃ³n Frontal,0.125
325,Nacionalista ZÃ³na 3.0,0.125
334,@WhiteDefenseForce,0.125
337,/CIG/ Telegram | Counter Intelligence Global,0.125
339,ğŸ’€MISÎ›NTHRÎ˜PÎ£ğŸ’€,0.125
344,Natsoc Florida uncensored,0.125
348,White Stag Athletic Club,0.125
349,Deutsches Warenhaus-Schild und Schwert Festival,0.125
352,Active Club Canada,0.125
355,/RWHS/ Right Wing Health Squad,0.125
356,Zentropa,0.125
358,SZABADSAGOT.COM - SzabadsÃ¡got BudahÃ¡zynak!,0.125
361,Sonnenkreuz Versand,0.125
362,Lance's Legion,0.125
363,ğŸ™ Der dritte Blickwinkel ğŸ”Š,0.125
365,The Western Chauvinist(Banned),0.125
368,Europa The Last Battle Activism,0.125
369,Spectre (Uncensored),0.125
379,SoCal Active Club,0.125
383,PC is a cringe,0.125
386,Ernst JÃ¼nger,0.125
390,Sons of Virginia Active Club,0.125
406,âš¡ï¸âš¡ï¸Leaf Waffenâš¡ï¸âš¡ï¸,0.125
409,Punikoff informiert!,0.125
420,Der Schattige Wald ğŸ‡¬ğŸ‡±,0.125
424,",,Der RevolutionÃ¤re Kongress'' - INFO-KANAL",0.125
426,ğŸœ¨ ğŸ…´ğŸ…»ğŸ…¸ğŸ†ƒğŸ…´ ğŸœ¨,0.125
431,Oppressed Lifters ê‘­,0.125
432,Ãšj csatorna: https://t.me/nzona2,0.125
434,The Dissident Right,0.125
436,Just Joe Radio,0.125
441,Militant Zone World Wide,0.125
443,White-Papers,0.125
446,Official Cape Fear Proud Boys,0.125
452,Central Ca Active,0.125
456,Jonathan Bowden Unofficial Archive,0.125
457,White Powder,0.125
458,B,0.125
459,Hundred-Handers,0.125
460,Right Wing Dumbbell Squad,0.125
461,Gorilla Photography,0.125
462,ğ•¹ğ–†ğ–™ğ–šğ–—ğ–Š/ğ•³ğ–ğ–˜ğ–™ğ–”ğ–—ğ–/ğ•¿ğ–ğ–Šğ•µğ•¼,0.125
463,Coontown revived,0.125
464,á›‰ Revolutionary Lobby á›‰,0.125
465,Skumshot RAC & Roll,0.125
468,Aaron Art,0.125
469,VÃ©rszerzÅ‘dÃ©s (official),0.125
470,ğŸ©¸BLOOD TRIBE NEW ENGLANDğŸ©¸,0.125
472,ZÃ¶ldinges,0.125
474,The Legion,0.125
475,GALLIA DAILY | Voice of France,0.125
478,Nationalist-13,0.125
480,NS retro photos,0.125
481,Mark Collett,0.125
482,Cory A. Reeves,0.125
486,"Folkish Fine Art and Survival Blog, plus jokes",0.125
487,National Corps International,0.125
489,Grug Strong ğŸ’ªğŸ»,0.125
492,Ğ‘ĞµĞ¾Ğ³Ñ€Ğ°Ğ´ÑĞºĞ¸ Ğ½Ğ°Ñ†Ğ¸Ğ¾Ğ½Ğ°Ğ»Ğ¸ÑÑ‚Ğ¸,0.125
494,Soldiers of the Precious Wounds of Jesus,0.125
496,Chris af VP,0.125
497,LÃ©giÃ³ HungÃ¡ria,0.125
498,Blocco Studentesco,0.125
500,Dissident-Homeschool,0.125
501,Society of the Sacred Blood,0.125
502,TRIUMPH ê‘­ INFO,0.125
503,WLM_USA_MISSOURI,0.125
508,The Overhand Right \o,0.125
513,NS ACTION,0.125
518,Resolute Auditory Violence,0.125
519,The Ohio Active Club,0.125
521,History Memes [destroyed with finesse and style],0.125
522,Activ88,0.125
524,Turning Point Australia,0.125
525,GatorNat v.3 ğŸŠ,0.125
527,Nathan Damigo,0.125
529,Emily Youcis,0.125
531,Ğ¢Ñ€Ğ°Ğ´Ğ¸Ñ†Ğ¸Ñ˜Ğ° ĞŸÑ€Ğ¾Ñ‚Ğ¸Ğ² Ğ¢Ğ¸Ñ€Ğ°Ğ½Ğ¸Ñ˜Ğµ,0.125
534,STRAIGHT EDGE FRANCE,0.125
536,PhilosophiCat,0.125
541,ğŸ” OUEST CASUAL UNDERGROUND ğŸ”,0.125
545,Third Position Directory,0.125
546,Eisenfaust - Nonkonforme Ã„sthetik,0.125
548,Shadowman311s Shadow,0.125
549,Hiraeth Music & More,0.125
552,Hidden Truth,0.125
555,GearÃ³id Murphy,0.125
557,âš¡Silver Stackersâš¡,0.125
560,ğ‘ğğ¯ğ¨ğ¥ğ®ğ­ğ¢ğ¨ğ§ğšğ«ğ² ğğšğ­ğ¢ğ¨ğ§ğšğ¥ğ¢ğ¬ğ¦,0.125
564,Blood and Faith,0.125
566,ğ•²ğ–”ğ–™ğ–ğ–”ğ–—ğ–šğ–’ âœ  ğ•¬ğ–Šğ–˜ğ–™ğ–ğ–Šğ–™ğ–ğ–ˆğ–˜,0.125
567,ğ–.ğ….ğ. ğ–ğ¢ğœğ¤ğ¬ğ­ğ«ğ¨ğ¦ & ğ¦ğ¨ğ«ğ,0.125
568,Eshay Nationalism,0.125
571,ğ‚ğ‘ğ„ğ– ğŸ‘ğŸğŸ— [ğ˜½ğ˜¼ğ™‰ğ™‰ğ™€ğ˜¿],0.125
573,The Monthly White Art Challenge- Submissions & Inspiration,0.125
574,Trash can,0.125
577,Tales of Bravery,0.125
578,Legion North Carolina,0.125
579,Gemeinschaft der Eigenen,0.125
580,STAND UP AGAINST ANTI-WHITENESS âš¡,0.125
582,"""Der III. Weg""- Vogtland (Der Dritte Weg)",0.125
583,MODERN POLITICS ğŸ‡ºğŸ‡¸,0.125
587,Midnight Rider Channel ğŸ‡ºğŸ‡¸,0.125
590,Right Side News,0.125
591,ğš²ğ‘ğ‚ğš¨ğğ„ ğ•ğˆğ“ğš¨ğ‹ğˆğ“ğ˜ ğƒ°,0.125
593,Mrgunsngear,0.125
597,Fed Up Patriots,0.125
598,âš”ï¸ THE BARBARIANS âš”ï¸,0.125
600,The Faces of Antifa,0.125
601,Athens Edition ğŸ‡¬ğŸ‡·ğŸ´,0.125
603,â€Der III. Wegâ€œ- Sauerland/Siegerland,0.125
613,ğŸ”Š Vigridsvallen Atletklubb,0.125
614,Ğ£Ğ›Ğ¬Ğ¢Ğ ĞĞ¡ Ğ£ĞšĞ ĞĞ‡ĞĞ˜ ğŸ‡ºğŸ‡¦âœ™,0.125
616,HAMMERTUBE,0.125
617,ğ•³ğ–†ğ–—ğ–‰ ğ•¶ğ–“ğ–”ğ–ˆğ–ğ–˜ ğ•®ğ–”ğ–’ğ–‡ğ–†ğ–™ğŸ©¸,0.125
620,Tenesoun,0.125
629,AG Erde & Zukunft,0.125
631,burnzart,0.125
632,The American Futurist Fans of North America,0.125
634,WILL2RISE2,0.125
636,Potassium Nitrate Pilled,0.125
639,MEDIA2RISE,0.125
640,âšœï¸ European Thoughts âšœï¸,0.125
641,WLM_USA_WISCONSIN,0.125
642,WLM_USA_NEW_YORK2,0.125
643,Thomas Sewell Podcast Archive,0.125
644,Alea iacta est ~ Surf that Kali Yuga,0.125
645,Blofeldâ€™s Undersea Lair (You Only Live Twice),0.125
646,COMBAT_FOOTAGEğŸ¦…ğŸ‡,0.125
648,The Truth 2218,0.125
649,ASPIRE ACTIVE CLUB,0.125
650,Natsoc Florida,0.125
651,Halls of the Hyperboreads,0.125
652,Havamal Soapworks LLC,0.125
653,"""Der III. Weg"" - Baden-WÃ¼rttemberg (Der Dritte Weg)",0.125
654,"StÃ¼tzpunkt MÃ¼nchen/Oberbayern ""Der III. Weg""",0.125
655,WLM_EU_SERBIA,0.125
657,"Banned, Goto: @FaithAndFolk2",0.125
659,Antelope Hill Publishing (backup),0.125
660,WLM_USA_ILLINOIS,0.125
661,White Positive Media,0.125
664,Bubba Kate v The State: Round 2,0.125
665,ARYAN BARBARIANS,0.125
666,WLM_USA_KENTUCKY,0.125
667,Gregory Conte,0.125
669,Vanguard Britannica,0.125
670,Natty Light Nationalism,0.125
672,Keith Woods,0.125
673,Olifant Old,0.125
674,ĞšĞ¾Ğ¼Ğ¸Ñ‚ĞµÑ‚ 212,0.125
675,GhostEzra,0.125
676,Thanos's Bookshelf,0.125
677,ğŸğŸ¥‘ğŸ¥­Health is WealthğŸ‹ğŸ‡ğŸ¥,0.125
678,Shadowman311s Censored Ramblings (The Sequel),0.125
679,FourteenWordsLibrary,0.125
680,Unzensierte Nachrichten Neckar-Alb.,0.125
682,Faith And Folk,0.125
683,Modern Kshatriya,0.125
684,Tolerant Fellow's Hologram,0.125
685,Black Market Tactical,0.125
688,ğ´ğ¹ğ¹ğ¿ğ¼ğ¶ğ‘‡ğ¸ğ·,0.125
689,ĞĞ—ĞĞ’,0.125
691,White North Crew,0.125
708,White Chivalry,0.125
711,Israel is a War Criminal ğŸ‡µğŸ‡¸,0.125
715,Australian Meditations 51,0.125
716,Friendly Father,0.125
717,Nelson Rockefellerâ€™s Center to Prevent Youth Violence,0.125
720,WHITE WELL-BEING,0.125
721,White Noise Radio,0.125
723,White Lives Matter Russia,0.125
725,Survive the Jive: All-feed,0.125
726,Protect The Children Now,0.125
727,Clown World Today,0.125
728,Der III. Weg Westsachsen,0.125
730,GREEN ARROWS,0.125
732,Joshua Nunes,0.125
733,ğ™ğ™ğ˜½ ğ™ğ™Š @ğ™…ğ™šğ™œğ™šğ™§ğ™¢ğ™ğ™œ1,0.125
734,The Southron Archive,0.125
735,The Paradigm Shift Channel â³,0.125
738,WLM_USA_CALIFORNIA,0.125
740,Academia Christiana,0.125
741,ğŸ©¸ HAMMER ğŸ©¸,0.125
742,ğ”—ğ”¯ğ”¦ğ”¡ğ”¢ğ”«ğ”±ğ”¦ğ”«ğ”¢ ğ”–ğ”¬ğ”²ğ”©,0.125
743,Asatru Folk Assembly,0.125
744,The Pogrom Central Manifesto,0.125
745,Arditi's Art Gallery,0.125
746,Imperium Press,0.125
748,Follow @AryanGoblin,0.125
754,The Survival Outpost Official,0.125
755,WLM_Canada_Materials,0.125
756,Der Grosse Sturm - DKNAT,0.125
758,âœŠğŸ» WHITE LIVES MATTER,0.125
759,Knitting / Sewing DKNAT,0.125
760,Nordic Active Club,0.125
761,CasaPound Italia ufficiale,0.125
763,WLM_USA_SOUTH_CAROLINA,0.125
764,Bordeaux Nationaliste,0.125
765,WLM_Canada_Viewing,0.125
766,Kristoffer Hugin â€“ Texter & Media,0.125
767,The War on Whites,0.125
768,Atop The Cliffs - Occidental Poetry Journal,0.125
770,Blitzkrieg,0.125
772,.,0.125
773,CasaPound Napoli - Sezione Berta UFFICIALE,0.125
775,The Artwork of Friendly Father,0.125
776,Noel le Pen,0.125
777,Honor Bound Active Club,0.125
781,TRÃ„TÃ„LJA RECORDS,0.125
782,ğŸ•· Right Wing Tattoes ğŸ•·,0.125
785,NS ACTION,0.125
788,SUNSHINE STATE NATIONALISTS,0.125
789,Goyim Shitposts,0.125
790,Thomas Sewell Speech Archive,0.125
791,áš¹á›Ÿá›áš¨áš¾ áš¨áš¢á›áš±á›áš²ášº,0.125
793,Ultras Not Reds 18+,0.125
794,NSCC Magazine,0.125
795,Trad West,0.125
796,WLM_USA_KANSAS,0.125
797,Authenticity,0.125
798,Prof. Kai Murros,0.125
799,European Insider,0.125
800,Natsoc Florida V2.,0.125
801,Weimar Republic Remix,0.125
804,WW2TruthVideos,0.125
805,Eric Striker,0.125
806,The Modern Bushranger,0.125
809,Troublemakers & Ultras Action,0.125
810,Volksfront-Medien (Der III. Weg),0.125
811,Front Range Active Club,0.125
812,KOB - Notre histoire devenue lÃ©gende,0.125
813,Alternative History 2039,0.125
814,StopKikery,0.125
815,Reject Agenda,0.125
816,Revealerist,0.125
818,Ã“ige NÃ¡isiÃºnach,0.125
819,Intermarium TV ğŸ‡µğŸ‡±ğŸ‡¨ğŸ‡¿ğŸ‡«ğŸ‡®ğŸ‡¸ğŸ‡ªğŸ‡±ğŸ‡¹ğŸ‡±ğŸ‡»ğŸ‡ªğŸ‡ªğŸ‡¸ğŸ‡°ğŸ‡¸ğŸ‡®ğŸ‡·ğŸ‡´ğŸ‡ºğŸ‡¦ğŸ‡­ğŸ‡·,0.125
820,Polish connection,0.125
821,Justin Barrett,0.125
823,Write Winger,0.125
824,Forteresse Europe,0.125
825,The Fyrgen â€¢ áš«á›šáš¢:áš¢á›šáš«,0.125
826,Alt Skull's Charnel House,0.125
827,WLM_CANADA_BC,0.125
829,Canada First,0.125
830,Warren Balogh NJP ğŸ”¥,0.125
831,Aryan History,0.125
832,WLM_USA_WASHINGTON,0.125
833,Black Flag Shop,0.125
835,Inside looking out.,0.125
836,Based anti-Semitism report -Australia,0.125
837,ğ‘µğ’‚ğ’•ğ’Šğ’ğ’ğ’‚ğ’ ğ‘ºğ’ğ’„ğ’Šğ’‚ğ’ğ’Šğ’”ğ’• ğ‘¨ğ’“ğ’„ğ’‰ğ’Šğ’—ğ’†,0.125
838,RED Angers,0.125
839,Rose City Nationalists,0.125
841,tomrum,0.125
842,InvestigateJ6,0.125
843,Dissident Thoughts,0.125
844,NS ACTION 18+,0.125
845,WLM_USA_LOUISIANA,0.125
847,ğŸŒ²EvergreenğŸŒ²,0.125
848,DÃ¡ithÃ­ de BÃºrca,0.125
849,Bubba Kate v The State,0.125
850,ğ“”ğ“¾ğ“»ğ“¸ğ“¹ğ“®ğ“ªğ“· ğ“¥ğ“¸ğ“µğ“´,0.125
851,WLM_EU_NORWAY,0.125
852,Fraction,0.125
853,Australian Natives' Association,0.125
854,Yan Mac Oireachtaigh,0.125
855,Right Voice,0.125
857,Realistic Aryan Perspective,0.125
858,Mr. Bond Music Archive,0.125
859,ï¸I HATE THE ANTICHRISTï¸,0.125
860,SamurÃ¡i de Occidente,0.125
861,Alvarium,0.125
870,EuroNet,0.125
871,Germanisk Smed,0.125
874,Project Veritas Action,0.125
876,Nacjonalistyczny Szczecin,0.125
877,Azione Cultura TradizioneğŸ‡®ğŸ‡¹,0.125
878,Gym XIV,0.125
879,NBC010,0.125
880,Il Mastino Verona,0.125
881,WHITE LIVES MATTER deleted,0.125
882,Convoy 2022 NZ,0.125
883,III Droga,0.125
884,Working Class National Socialism,0.125
885,MANTO music,0.125
886,PARTISAN,0.125
887,Resistance Arts,0.125
889,Schild & Vrienden,0.125
890,Western Decline (Censored),0.125
891,Coronavirus Plushie,0.125
892,Defenders of Donbass / Ğ—Ğ°Ñ‰Ğ¸Ñ‚Ğ½Ğ¸ĞºĞ¸ Ğ”Ğ¾Ğ½Ğ±Ğ°ÑÑĞ° ğŸ…‰,0.125
893,Patriots of Ireland,0.125
894,Late Stage Ireland,0.125
895,Golden Age Man [Censored Again],0.125
897,Boycott List,0.125
898,Active Tennessee,0.125
900,ğŸ’€TFOWEğŸ’€ nuke,0.125
901,Old Line Active Club,0.125
902,Patriotic Alternative West Midlands,0.125
903,Intel Slava Z,0.125
904,ğ”—hird â„œeich â„­inemaã€åã€‘,0.125
905,National Bolshevik Radio,0.125
906,The Cradle,0.125
907,Patriotic Alternative North West,0.125
908,Blocco Studentesco Roma,0.125
909,ğš‚ğ™¿ğ™¾ğšğšƒğ™¸ğš…ğ™½ğš„ğ™¸ ğ™¸ğ™½ğšƒğ™´ğšğ™´ğš‚,0.125
910,Gulf Coast Active Club,0.125
912,Wisconsin Christian Conscience,0.125
913,Laura Towler,0.125
914,Strenge Jugendâ˜ ï¸,0.125
915,Movimento Nazionale - La Rete dei Patrioti,0.125
917,Der Dritte Weg - ThÃ¼ringer Wald,0.125
918,Uudenmaan akseli,0.125
919,Christianity and fascism,0.125
921,Jack Fell's Reflection,0.125
923,Praise Yahweh,0.125
924,White Lads Aesthetics,0.125
926,Gonzalo Lira,0.125
929,WLM_CANADA_AB (PRIVATE),0.125
930,Ukraine EXPOSED ZOV (Winter is coming edition),0.125
933,AUDACE ğŸ´,0.125
934,Tafelrundereloaded,0.125
936,On the BorderğŸŒµ,0.125
937,The European New Zealander,0.125
940,Aryan Syndicate News,0.125
941,Populo & Libertas,0.125
942,Justin Barrett Live,0.125
943,Catholic Information Hub,0.125
944,Repetitive Doom Loop,0.125
945,AntifaTracker,0.125
946,Zoltanous HN,0.125
947,The Red-Brown Alliance,0.125
948,ğ‡ğ˜ğğ„ğ‘ğğğ‘ğ„ğ€ ğ€ğ…ğ‘ğˆğŠğ€ğğ„ğ‘ğ‹ğ€ğğƒ - UN-Bretton-Woods collapse edition,0.125
949,Patriotic Alternative North West,0.125
950,Spooky's,0.125
951,HAMMER (banned),0.125
953,Aristogenesis,0.125
954,á´…Éªsá´…á´€ÉªÉ´ Ò“á´Ê€ sÊœÉªÊŸÊŸs,0.125
955,Zentropa Ultramar,0.125
956,WLM_USA_UTAH,0.125
957,Gentile Front,0.125
958,STRAIGHT EDGE FRANCE,0.125
959,Western Identity,0.125
960,The Futurist Observer Official,0.125
961,Asgard Brand (Apple ban),0.125
962,Hacer NaciÃ³n,0.125
963,WLM_EU_GREECE,0.125
964,Dawn of the Black Sun,0.125
965,AU á›‹á›‹,0.125
966,ğŸŒ RAC International ğŸŒ ğŸ‡©ğŸ‡ª Deutschrock ğŸ‡©ğŸ‡ª,0.125
967,White Lives Matter Official Chat,0.125
968,GypsyCrusader News Network,0.125
969,MÃ¢le Sigma France,0.125
970,WLM_EU_GERMANY,0.125
971,Weimerika Wilderness,0.125
972,Klanswoman,0.125
973,Radio Wrath,0.125
974,Spooky's Archive,0.125
975,Nationalists Prep for the 'Great Reset',0.125
976,Epic Danger HQ,0.125
977,Kelly's Channel,0.125
978,Tiwaz Comfy Corner,0.125
979,Esoteric Lindy,0.125
980,WHITE LIVES MATTER_PHOENIX,0.125
981,â„œğ”¢ğ”«ğ”ğ”¦ğ”°ğ”°ğ”ğ”«ğ” ğ”¢ ğ”ˆğ”¦ğ”¯ğ”¢,0.125
982,ğ˜¿ğ™«ğ™¤ğ™§ğ™¤ğ™«ğ™–ğ™®ğ™– ğ™€ğ™¡ğ™ğ™©ğ™–,0.125
983,Nordic Resistance Movement,0.125
984,Frontenac AC,0.125
986,ZusammenrÃ¼cken,0.125
987,Des Tours et des Lys,0.125
988,SERVIAM- I Will Serve,0.125
989,Way of the World,0.125
990,THE FALL OF RACE MIXING ğŸš«,0.125
991,Adolf Hitler's Art Gallery,0.125
992,Jonathan Weidner - The Catholic Integralist,0.125
993,White Lives Matter Ukraine,0.125
994,Action Zealandia,0.125
995,Libs of TikTok Fans,0.125
996,Based Shitposts,0.125
997,Mannerbund,0.125
999,Black Sun Vanguard,0.125
1000,WLM MASSACHUSETTS,0.125
1001,ÈºÎ·Ñ‚Ğ½Î±Ñ•GÎ±Ñ‚Ñ”,0.125
1002,"Official Tennessee Proud Boys ""GOON SQUAD""",0.125
1003,Press ESC to go back,0.125
1004,Muscular Christianity,0.125
1005,Edward Nelson dox,0.125
1006,Antipodean Resistance Archives,0.125
1007,"Bellum Acta - Intel, Urgent News and Archives",0.125
1008,John_Fashcroft (announcements) Chat,0.125
1009,FUCK THE ABC,0.125
1010,Radical Paganism.,0.125
1011,OUEST CASUAL,0.125
1012,STRAIGHT EDGE POLSKA,0.125
1013,GREAT WHITE NORTHMEN,0.125
1014,The Burkean,0.125
1015,Socialism With Australian Characteristics,0.125
1016,Race Realism Channel,0.125
1017,The way of the warrior,0.125
1018,á›‰ ğŸ©¸Hyperborean Guardsman ğŸ©¸ÏŸÏŸ ğŸ‡¨ğŸ‡¦,0.125
1019,DEVOTION JIU JITSU,0.125
1020,Str8 or Die,0.125
1021,Carry the Banner,0.125
1022,ğŸ‘ŠğŸ» WHITE LIVES MATTER RESERVE,0.125
1023,The Great Reset Times,0.125
1024,Join @EuropaDefenders,0.125
1025,BASED NEWS,0.125
1026,Dissident Minds,0.125
1027,The Wolven Instinct,0.125
1028,Jason Kessler (â€œHappeningsâ€),0.125
1029,Identity England,0.125
1030,The Barbarian Clergyman,0.125
1031,The Awakened Species â˜€ï¸,0.125
1032,Way of Sparta,0.125
1033,AZOV Ukraine Supporters ê‘­ğŸ‡ºğŸ‡¦ğŸ”±âœ™å,0.125
1034,@PhilipDwyer,0.125
1035,Sam Melia: A Grug's Life,0.125
1036,Wide Awake Media,0.125
1038,The Reality Report,0.125
1041,âš¡ï¸Bastion Croatiaâš¡ï¸,0.125
1042,Fight Porn,0.125
1043,Schutzstaffel,0.125
1044,â˜ âš¡Me Ne Fregoâš¡â˜ ,0.125
1045,Ğ—ĞµĞ½Ñ‚Ñ€Ğ¾Ğ¿Ğ° Ğ¡Ñ€Ğ±Ğ¸ja,0.125
1047,Pahkâ€™d Cahs & Hard Râ€™s,0.125
1048,CUNT AUSTRALIA,0.125
1049,News | Without LiesğŸ‡ºğŸ‡¸,0.125
1050,cAuCasIaN cOaCHiNg,0.125
1051,The Post Millennial,0.125
1052,The American Militant,0.125
1053,DismantlingTheCabal,0.125
1054,WLM_materials,0.125
1055,Aurora de Ferro,0.125
1056,Packet Pusher,0.125
1057,American Nationalist Initiative (Official),0.125
1058,Townsville Free Corps,0.125
1059,Vault of Secrets - Unpopular History,0.125
1060,PA Fitness Club,0.125
1061,Narcissist Syndicate Movement (NSM),0.125
1062,World Wide NatSoc,0.125
1063,Censored Michael McKevitt NJP â´²,0.125
1064,nordic maine nationalists uncensored,0.125
1065,The Western Chauvinist(Punished),0.125
1066,Death Lads for Cutie,0.125
1067,Blackpilled,0.125
1068,VDARE.com,0.125
1069,WLM_USA_ARIZONA,0.125
1070,NJEHA Official Feed,0.125
1071,ULTRA Pepe Lives Matter ğŸ¸,0.125
1072,Traditional Britain Group,0.125
1073,The Distinction: F-for110,0.125
1074,It's OK To Be White,0.125
1075,Revolt Against The Modern World,0.125
1076,Lance's Legion: Taberna,0.125
1077,Ä€ryÄvarta á›Ÿ,0.125
1078,@RawTruth777,0.125
1079,Human Trafficking + Elite Pedos Exposed,0.125
1080,Street Art White Boys,0.125
1081,Andy Ngo (Official),0.125
1082,Restringing The Ties,0.125
1083,Friendly Father Extended Edition,0.125
1084,South Africa Dump,0.125
1085,Midwest Activists,0.125
1086,MILITANT ZONE,0.125
1087,C E N S O R | M E | D A D D Y,0.125
1088,The National Party â”‚ An PÃ¡irtÃ­ NÃ¡isiÃºnta,0.125
1089,Freedom Library,0.125
1090,Prepare or Die,0.125
1091,Skullâ€™s Charnel House Mirror,0.125
1092,Lupta NS - Nationalistii Autonomi Timisoara (NAT),0.125
1093,Meme Cannons,0.125
1094,Vinnie Sullivan,0.125
1095,Dire Dogs den,0.125
1096,Sons Of Columbia,0.125
1097,T E R R O R,0.125
1098,The White Butterfly,0.125
1099,HARD KNOCKS ENTERTAINMENT,0.125
1100,Amerikaner,0.125
1101,TOTAL ARYAN VICTORY,0.125
1102,K,0.125
1103,Legion Wear,0.125
1104,Awakened Serbia,0.125
1105,DKNAT Archives,0.125
1106,STRANGER THAN FICTION NEWS,0.125
1107,ARYANS EH,0.125
1108,ÑĞ¾Ğ»ÑÑ€Ğ½Ğ°Ñ Ñ†Ğ¸Ñ‚Ğ°Ğ´ĞµĞ»ÑŒ,0.125
1109,Neues Europa,0.125
1110,Maxime Bernier,0.125
1111,The NorrÅ“na Society,0.125
1112,Museum Morta,0.125
1113,RWR,0.125
1114,Keserves2,0.125
1115,The Chad Pastoralist: History Memes and Content,0.125
1116,American Defense Skinheads,0.125
1117,PLP Returns,0.125
1118,Nature Coast Active Club,0.125
1119,Christ's Legion,0.125
1120,Bombadilâ€™s Athenaeum,0.125
1121,National Socialist Order of Nine Angles (Sponsored by American Futurist),0.125
1122,Anti Defamation Fatigue,0.125
1123,terminalcwo,0.125
1124,WHITE LADS HYPE CENTRE,0.125
1125,D Poker Cabal,0.125
1126,TradPics,0.125
1127,Chupacabra Kennel,0.125
1128,"Banned, Goto: @FaithAndFolk2",0.125
1129,__________,0.125
1130,Ká´sÊœá´‡Ê€ Má´€Ò“Éªá´€ âœ¡ï¸ï¸ Tá´€ÊŸá´á´œá´… Aá´˜á´˜Ê€á´á´ á´‡á´…Â©ï¸,0.125
1131,ğšƒğš‘ğš ğš†ğšŠğš› ğ™³ğš’ğšŠğš›ğš’ğšğšœ,0.125
1132,Illyrian Storm ğŸ‡¦ğŸ‡±ğŸ´,0.125
1133,Surviving at Any Cost,0.125
1134,Tony ğŸ‡®ğŸ‡¹,0.125
1135,European Spirit,0.125
1136,Jared Howe / So To Speak,0.125
1137,Culture War Room,0.125
1138,Big Sky Active Club,0.125
1139,ğŸ”¥ğŸ”¥ğŸ”¥SpaceJewğŸ”¥ğŸ”¥ğŸ”¥,0.125
1140,Wild World of Control ğŸ‘»ğŸ‘½ğŸ’€ğŸ’©,0.125
1141,Revolutionary Arts,0.125
1142,White Pill Art,0.125
1143,LeakyVax,0.125
1144,The_Mind_Farmer,0.125
1145,BÌ¶LÌ¶AÌ¶CÌ¶KÌ¶ Ì¶SÌ¶UÌ¶NÌ¶ Ì¶RÌ¶IÌ¶SÌ¶IÌ¶NÌ¶GÌ¶,0.125
1146,3D to 5D Consciousness,0.125
1147,Patriot Front,0.125
1148,Health Ranger,0.125
1149,Clockwork Crew,0.125
1150,Vanguard Streetwear,0.125
1151,Thomas Sewell Extended Edition backup,0.125