id,title
5295422154,WildRoseXIV
1605579456,Australian National Front
1391578486,IMPERIVM
1496929841,jews.com.au
1445044091,Austhetics
1616502743,Florida Active Club
1589796010,Amalek International V3.0
1253414641,Karl T's Bitcoin Channel
1215855026,Blair Cottrell
1461678995,WLM_USA_MICHIGAN
1296093290,Building Autonomy â’¶
1455227024,Activism Athletics Identity (uncensored)
1418130340,White Unity Project
1629597881,Channel discontinued
1619232845,Princeps Veritas
1610133347,WILL2RISE-SHOP
1528501977,Occinat Hub
1605572695,GoTo @NSC131OFFICIAL
1291846215,ğŸ¦…RADICAL RISINGğŸ‡ºğŸ‡¸
1504004320,Dominion Active Club
1473718944,Britain Expects
1486733191,The Live in 33 Radio
1614541852,Warrior Path Active Club
1668089506,Northwest Nationalist Network
1576082206,Active Helsinki
1493917818,Patriot Front Promotional Materials
1274452385,PNWGUERRILLA (Official)
1794018718,WLM_CANADA_MANITOBA
1308954936,National Socialist Network
1884129985,The Western Chauvinist
1632118252,White Lives Matter Spain
1641826716,Crow Eater
1278100405,ğŸ´â€â˜ ï¸ nationalist.network
1165884185,No Compromise Clothing
1768463917,OUEST Cğ–¦KINS
1754757324,Christian Taliban
1876506652,Lacagoule1938
1341606917,Veren Laki
1844373591,Amerikaner Updates
1908154318,Great Plains Active Club
1408170129,Sinimusta Liike
1294324830,White Bears CheÅ‚m - Autonomiczni NacjonaliÅ›ci
1418544500,La cagoule1937
1235779695,No BS News
1701769935,âœ™ James A's Rants and Presentations âœ™
1518959819,Active Club OmertÃ  Crew
1701929005,Active Club Estonia
1412296785,COMITÃ‰ DU 9 MAI ğŸ´
1123657266,Nordic Casual
1646496672,Rundo's spot
1670175523,HATBAREN 38 WERMLAND.
1289680855,WLM_USA_MONTANA
1635263668,Vers les Ã©toiles
1247163073,WLM_USA_IDAHO
1840462354,GUD PARIS
1482198482,Tasman Forth
1759858174,The Western Chauvinist (censored)
1759155377,Boots and Boxing Gloves
1832396672,Southwest Oregon Active Club
1658077441,Eternal Muscovite ğŸ‡·ğŸ‡º=â˜­=âœ¡ï¸
1590574875,The Baltic Resistance
1540638491,Thomas Sewell
1700898276,W2R Records
1700898276,W2R Records
1870934558,Wild Rose Ultras (Secondary)
1137951778,Voter Apathy Party
1306042330,Lyon Populaire
1282206922,King Of The Streets
1753786697,The Restoration Bureau
1174320311,RACE WAR: This Time The Galaxy
1429654655,Fight the System Shop / Blog
1576179785,Share Defiant
1576179785,Share Defiant
1896687370,Nationalist Social Club
1674708431,Evergreen Active Club
1577005618,Australian Nativists
1866084519,ğ™ğ–”ğ–”ğ–’ğ–Šğ–—ğ–ğ–†ğ–‹ğ–‹ğ–Šğ–“
1647968933,Proud Boys: Uncensored
1575018759,Bay State Active Club
1299984444,WLM USA WASHINGTON
1454657736,Hammer House
1543164824,Goto: @zoomerwaffen06
1876989536,Jimeone Roberts
1867305063,This channel is no longer in use
1383517302,European Australian Movement
1325572722,AntifaWatch
1357910053,British Democrats
1179919492,WLM_viewing
1245240559,Centuria
1179919492,WLM_viewing
1819053659,ğ“ğ€ğ‚-ğ€ğ™
1195052286,West Country Bumpkin
1750557911,The Western Chauvinist
1385221185,Operation Werewolf Official
1818788168,Bronze Age Active Club
1374512182,UNN
1224624669,Telegram Tips
1892234482,Aktivklubb HÃ¤lsingland
1602768415,White Strike Worldwide
1465036310,Strike Force Worldwide
1735420988,Rare Hitler PicturesÂ©ï¸
1493732793,Counter-Currents
1264382608,L'Oriflamme Rennes
1563107628,WLM_ZUID_HOLLAND
1580738242,ğ‘ğğ­ğšğ«ğğ¬ ğ¨ğŸ ğ“ğ¢ğ¤ğ“ğ¨ğ¤
1879031023,RURAL â´²FFENDER
1795647281,Ultras Not Reds
1882870017,The American Nativist
1546737353,Frequent Fliers
1304292577,The National Justice Party
1600893103,Paper Tiger debate/discussion forum
1477576373,Megamachina âš™
1368334613,Chris Patriotic Talk Channel
1769001433,Freyhus Studio
1172932553,Morrigan âš¡ï¸Astro_Fash
1781115595,Nationalists United Reborn
1460369248,Ireland Knows
1388515177,Every Day
1388515177,Every Day
1232052560,ğŸ´â€â˜ ï¸CULTURE WAR CRIMINAL
1224619086,Antifa Public Watch ( Anti-Antifa )
1813918079,Las Vegas Active Club
1828897862,Product Of Society
1407348606,AntifashGordon Lawsuit
1407348606,AntifashGordon Lawsuit
1288641123,Thuletide
1863000339,Pride & Combat PNW
1863000339,Pride & Combat PNW
1568857629,MYSTIC
1435609646,The Nationalist Perspective
1159274793,BonnieLad
1732838117,PSAC1488
1439749762,Voluntarist Memes
1843853962,Puget Sound Active Club
1737788482,Empire_State_Stormers
1902266723,Bay Area Anti-Communist Crew
1428280639,Luminis Paris
1478154831,Patriot Front
1159266445,Punished Dissident âšœï¸
1744853182,Full ğŸŒ± Haus
1136479756,Police frequency
1829647523,Northwest Imperative
1667470730,ACTION FACTION
1894528705,Bros Pose Like Hoes Exposed
1656037086,FreeEuropa.org Announcements
1179270258,Disclose.tv
1540956866,Stephen A. McNallen
1287574478,Black Legion Wear
1785021761,SSAC Directory
1405958258,No Chance
1847310190,Pembrokeshire Patriot (Darren Edmundson)
1226255196,Generation Identity
1338732850,SfN - Arbeitskreis Sicherheit
1472374861,KAGBABE
1540282753,Rose City Nationalist Club
1653461526,Alamo Active Club
1873602540,Join @EuropaDefenders
1470890345,JUNGE TAT
1545484435,á´›Ê€ÉªÊ™á´€ÊŸ á´€Ê€Êá´€ êœ±á´á´„Éªá´‡á´›Ê
1694116569,Nationalist Street Art
1503201584,Keep Danville European 1858 KDE
1202273554,Infokanal DeutschÃ¶sterreich
1614174256,Wisconsin Active Club
1180598066,Junge Nationalisten
1730025357,Ğ‘ÑƒĞ½Ñ‚ Ğ¡Ñ€ĞµÑ‰Ñƒ ĞœĞ¾Ğ´ĞµÑ€Ğ½Ğ¸Ñ Ğ¡Ğ²ÑÑ‚
1210281533,Fashposting
1660853432,Justice Report
1225790696,Vincent James
1784497505,ğˆğ¦ğ©ğğ«ğ¢ğ¨ ğ€ğ®ğ¬ğ­ğ«ğšğ¥ ğŸ´â€â˜ ï¸
1432137198,MAKSS DAMAGE OFFIZIELL
1414180821,Ein Prozent
1779486317,Defamation League
1274717783,Fashwave (apple ban)
1829200748,Wild Rose Ultras (Private)
1851441463,Patriot Front Sightings
1249907791,Hooligans.cz
1293445778,"Christian Aryanism â€” Fides et Gens, Inseperable."
1826009025,WLM_USA_OHIO2
1831361117,Highland Division Scotland
1565564438,ğŸ’€ PHILANTHROPIC DIVISION ğŸ’€
1664292721,GumTreeParty ğŸ‡¦ğŸ‡º
1859174274,Cercle Oswald Spengler
1263714320,**DRESDEN-GEDENKEN 2023** #DD2023
1784164501,Sacramento Proud Boys
1718843636,ğ—”ğ—¿ğ˜†ğ—®ğ—» ğ—˜ğ˜ğ—µğ—¼ğ˜€
1271263845,Autonom.pl - portal niezaleÅ¼nych nacjonalistÃ³w
1229050702,Kanal Sturmzeichen
1326329344,John_Fashcroft (announcements)
1262084348,Mike Enoch Peinovich
1229525984,Joel Davis
1770749902,"""Der III . Weg"" - Berlin / Brandenburg"
1200497997,Project Veritas
1347986142,Patriot Front Videos
1141493048,WARPIG memes
1363390397,Werra Elbflorenz
1237147604,FOLKISH RESISTANCE MOVEMENT
1899961042,Wyoming Active Club
1255298207,WLM_EU_NETHERLANDS
1683273003,Hoosier Nationalists
1656160624,Celine D'Bombatiste
1157521395,Internet puke
1408548985,RISING RACE
1505034921,Diary of an Underground Ronin
1752208954,The William McKinley Institute
1517649709,aktivkleber
1212306649,HATE FACTS
1578821647,â˜€ï¸ Nature is my church ğŸŒ²
1184343727,11
1293742754,Proto NDS âŒ
1887756265,Jazzhands
1822240550,Gypsycrusader
1414255764,MurderTheMedia
1252276402,WLM_USA_DELAWARE
1422276980,The Virginia Flaggers ğŸ‡¸ğŸ‡´
1154985723,The End Times
1509618651,Patriotic Alternative South East
1660060833,Western Decline
1185329367,WLM_USA_INDIANA
1277769680,White Awakening á›‰
1300351181,XYZ News
1693899968,KOMBAAT_NONKONFORMIST_RAP
1796178500,ArizonaAction
1733306194,Wandering SpÎ›rtan
1524638354,Kavalier NDS
1822520509,Tennessee ACTIVE CLUB Uncensored
1463713342,resistend
1437946278,Deutsche Weltanschauung
1321683018,Ice Age Imperium
1603432390,#freemrbond
1666677838,Conquer Memes for Dixie
1540123102,Sieg Hodl's Armory
1263639526,"Activism, Athletics, Identity"
1155778782,Tinnitus Records
1304838471,ğŸ™Lovecraft's CatğŸ™
1799384398,Just Goyly Things
1290725179,WLM_CANADA
1586752346,Pride France ( officiel ).
1407900759,Inside the 3rd Reich
1573102991,å Nathan Bull å
1395650762,HMTLBE CREW
1405060224,LewisCountryStore
1220016457,Active Club France
1325874717,Nordic Frontier
1601727820,ĞĞ—Ğª - AZA
1462467662,Active Patriot UK
1761772208,Sons of Appalachia
1302984491,Punished Clossington
1695861520,Join @EuropeanWrath
1492038982,Fashwave ğŸŒ¥ï¸
1834548876,WIGNAT AESTHETICS
1734207792,Clockwork Crew
1770368188,Tennessee active club
1720389407,Wild Rose Ultras (Main)
1303835387,New Right News
1195197713,Nordic Sun Records
1692355020,Tá•¼E á‘EO-Tá–‡Iá—·á—©á’ªIá”•T
1304308741,ĞĞ°Ñ†Ğ¸Ğ¾Ğ½Ğ°Ğ»Ğ½Ğ° ÑÑ‚Ñ€Ğ°Ğ¶Ğ°
1761594864,ğ“’ğ“¸ğ“¶ğ“® ğ“—ğ“¸ğ“¶ğ“®
1152339833,The Real Kim Shadyâ„¢ï¸
1513237467,Nslf
1685376115,Big Sky AC (Uncensored)
1612493784,ğ•„ğ• ğ••ğ•–ğ•£ğ•Ÿ ğ•‹ğ•£ğ•’ğ••ğ•¨ğ•šğ•—ğ•–
1192246722,Whites World Wide
1516018020,AG KÃ¶rper & Geist
1786022643,RR
1553233245,S
1436510272,Traditional Europe
1401664193,á›á›—á›ˆá›–áš±á›áš¢á›—
1408165010,Path of Totality
1463837756,The White Space
1966025103,Hrvatski Aktivni Klub
1461320425,The Golden One
1773594743,Menace
1434188731,The Wotan Network
1293696205,Black Swan
1198343254,Chad loder
1610750014,Albertaê‘­Based
1614876337,TvÃ¥saxe
1744701864,Dystopian Dissident Art
1356151920,Anabolic Outlaw Coaching
1743069732,Tennessee Nationalists
1330876536,Nordfront
1183838135,High Desert Legionaries Active Club
1570309122,Will to Power
1568321916,GranskogsFolket
1319860476,Europa Invicta
1197341939,BjÃ¶rn BjÃ¶rkqvist
1714450362,Detroit Alternative Training Club
1283479526,ğŸ”¥Spicy Steamed MemeballsğŸ”¥
1780320122,Hoosier Nationalists
1662714575,Das Schwarze Korps [Censored]
1525111292,Of the Ducks & the Hens
1272672830,Independent Nationalist Network
1155714507,Gab.com
1896954789,Basedtok
1492951998,ğŸ± RUNIC STORM ğŸ±
1879356591,Active Club Dietsland
1287537041,Hexogen Outdoor/LebensART
1686227242,ADVOCATE !
1406133572,á›‹á›‹-Australis
1192193228,Red Ice TV
1710766348,SoNo's SYNDICATE
1474612540,Heavy Duty Fitness Club
1335567705,Raven Atelier
1271203320,Vinland Battlewear
1893319358,Nordic ğŸœ¨ Dawn
1004495089,Wotanâœ™Jugend
1522580804,PugetSoundActiveClub(Uncensored)
1209438364,Lauren Witzke âœï¸ğŸ‡ºğŸ‡¸
1764178793,TrÃ¤tÃ¤lja Records
1287197586,#
1363640491,NDS Records Offiziell
1548471475,Arminius News ğŸ“°
1415768108,WLM_Canada_Toronto
1124034561,Only Street Fighting
1315055327,Patriot Girls United
1181279973,AvosTV
1446588069,WolfPMS
1357169825,BastiÃ³n Frontal
1613089923,Hyphen-Report
1349400181,Southern Nationalism
1672533217,GoTo @NSC131OFFICIAL
1350452762,WLM_USA_VIRGINIA
1617013656,Embrace Struggle AC
1769780620,Nacionalista ZÃ³na 3.0
1658382082,Actaeon Press
1774822547,NÃ¤ste 1
1499347321,NacionalistÃ©
1374874083,White Woman Things
1171570914,AUCTORUM
1755977101,Homeland and Family
1454381433,New Dawn of White Action
1629308005,NS ACTION
1461039221,@WhiteDefenseForce
1481883538,Western Heritage
1452645744,Paul Waggener Official
1458480018,/CIG/ Telegram | Counter Intelligence Global
1675130535,Nationalist -13
1335978798,ğŸ’€MISÎ›NTHRÎ˜PÎ£ğŸ’€
1252852223,ImbolcsLicht
1426170227,ğ—”ğ—¥ğ—¥ğ—¢ğ—ª
1507277839,ğ•½enaissance ğ•»erspectives
1822037496,Pure as fuck
1851709748,Natsoc Florida uncensored
1248811129,Guide to Kulchur
1586155085,POYNews
1805903394,Jack Eltis
1581859855,White Stag Athletic Club
1130605229,Deutsches Warenhaus-Schild und Schwert Festival
1338897295,A sport mindig honvÃ©delem! ğŸ’ªğŸ‘Š
1619667093,The Daily Rake
1570117008,Active Club Canada
1451905745,WLM_USA_ALABAMA
1701502748,Active Club Ozarkia
1405829604,/RWHS/ Right Wing Health Squad
1187228866,Zentropa
1784668808,Resistor Newswire
1721337674,SZABADSAGOT.COM - SzabadsÃ¡got BudahÃ¡zynak!
1151918573,ğ“¥ğ“ªğ“³ğ“»ğ“ª ğ”ƒğ“¸ğ“¸ğ“¶ğ“®ğ“»
1528334096,Sounds About White
1377511521,Sonnenkreuz Versand
1246808889,Lance's Legion
1160091286,ğŸ™ Der dritte Blickwinkel ğŸ”Š
1642651925,Niggers
1723057952,The Western Chauvinist(Banned)
1454153770,Sergeant Nick Hein
1268172099,GoyimTV.TV
1493932793,Europa The Last Battle Activism
1749145560,Spectre (Uncensored)
1235444295,PC Records offiziell
1121072748,Î›Î±ÏŠÎºÏŒÏ‚ Î£ÏÎ½Î´ÎµÏƒÎ¼Î¿Ï‚ Î§ÏÏ…ÏƒÎ® Î‘Ï…Î³Î® - Golden Dawn -
1910294769,ğŸ©¸ BLOOD TRIBE OHIO ğŸ©¸
1576664956,Szabad Szellem - Magyar KultÃºra AlapÃ­tvÃ¡ny
1780471876,Globohomo Disrespecter
1172717983,KL_Militaria
1496342508,WLM_USA_OHIO
1530192233,Only Users Lose Drugs
1459035940,Covid Red Pills ğŸ’Š
1531245360,SoCal Active Club
1628445938,Southern Secessionist Sanctuary
1518985858,The American Spirit
1363089865,Nya Dagbladet
1683201857,PC is a cringe
1675990597,Lazarus Symposium
1400113416,The Boat Shoe Beat
1532107322,Ernst JÃ¼nger
1541344089,BetyÃ¡rsereg
1789593665,Heritage Appalachia
1267984898,ğ™¸ğš–ğšŠğšğšğš—ğšœ...
1724259891,Sons of Virginia Active Club
1279055968,ğŸŒ³ ğ™ğ–”ğ–”ğ–’ğ–Šğ–—ğ–ğ–†ğ–‹ğ–‹ğ–Šğ–“ ğŸŒ³
1177375464,Arktos
1444674986,WLM_USA_NEW_JERSEY
1384722355,Sons of Sol
1302229193,Harcunk.info
1717634391,Russell TEXAS Bentley
1395153799,VR Crew News
1411356712,Great As Fuck
1782057474,ğŸ©¸ğŸ©¸HAMMERğŸ©¸ğŸ©¸
1179970664,Hullensian
1503385254,JobbszÃ©lsÅ‘ ğŸ‡­ğŸ‡º
1606314486,The Official League of the South
1370745672,OPOS RECORDS (offiziell)
1708800028,âšœï¸Aryan Occultismâšœï¸
1520797336,How to Get Radicalized
1496195662,âš¡ï¸âš¡ï¸Leaf Waffenâš¡ï¸âš¡ï¸
1795265206,NorCal Active Club
1395221453,Beyond The Grill
1138636357,Punikoff informiert!
1393505038,ĞšĞĞ ĞŸĞĞ¢Ğ¡Ğ¬ĞšĞ Ğ¡Ğ†Ğ§
1703795899,ğ“ğ€ğ‚-ğ€ğ™
1480659624,Dave Martel
1296131281,Tradicija proti tiraniji/Tradition against Tyranny
1357939367,Dixie Polis
1606472763,á¢ á» á¬ âš¡ï¸á© áª á¦ âš¡ï¸ áš á» áª á£ á¦
1420556711,Germania Invicta
1745212732,Union 88 Gas Co.
1435982362,Media Tricks Exposed âœ¨
1693974176,Ãšj csatorna -> https://t.me/nzona3
1564373601,Der Schattige Wald ğŸ‡¬ğŸ‡±
1158343216,Black Sun Network.
1531569003,Raw Egg Nationalist
1395570809,ğ—–ğ—¢ğ— ğ—¨ğ—¡ğ—œğ——ğ—”ğ—— ğ—œğ——ğ—˜ğ—¡ğ—§ğ—œğ—§ğ—”ğ—¦
1116994586,",,Der RevolutionÃ¤re Kongress'' - INFO-KANAL"
1531581697,Salofaista think chamber
1299511899,ğŸœ¨ ğŸ…´ğŸ…»ğŸ…¸ğŸ†ƒğŸ…´ ğŸœ¨
1384706245,Ğ ÑƒÑÑĞºĞ¸Ğ¹ Ğ¦ĞµĞ½Ñ‚Ñ€
1216354395,Saxlinds klotterplank
1378394192,WLM_EU_FRANCE
1753825912,Heeb Watch
1441023128,Oppressed Lifters ê‘­
1505807511,Ãšj csatorna: https://t.me/nzona2
1190616506,Intermarium Support Group
1319853946,The Dissident Right
1949112918,"Blood, Sweat and Soil."
1572114166,Just Joe Radio
1868305497,Arizona Action
1628553850,Oakwood's Grove
1757582922,NightNation.Review | Official Announcements
1389728137,Kampf der Nibelungen
1156923865,Militant Zone World Wide
1680900472,DVX Publishing Co.
1773879520,White-Papers
1364560675,BOOKS STORE ğŸ“š
1660713302,Southern Secessionist Sanctuary- South Carolina Division
1581801430,Official Cape Fear Proud Boys
1242127912,ğ“£ğ“»ğ“ªğ“­ğ“²ğ“½ğ“²ğ“¸ğ“·ğ“ªğ“µ ğ“ğ“®ğ“¼ğ“½ğ“±ğ“®ğ“½ğ“²ğ“¬
1213468001,BC Neanderthal Mindset
1606327889,Hyperborean Alpine Fitness Club
1381514061,Hwitgeard
1617143089,Channel discontinued
1606518974,Central Ca Active
1436859858,The New Prometheism
1391861910,Glavkopis
1560118820,THE NORTH FOLK
1399695978,Jonathan Bowden Unofficial Archive
1221490296,White Powder
1560575856,B
1454582779,Hundred-Handers
1761977616,Right Wing Dumbbell Squad
1924446119,Gorilla Photography
1808774006,ğ•¹ğ–†ğ–™ğ–šğ–—ğ–Š/ğ•³ğ–ğ–˜ğ–™ğ–”ğ–—ğ–/ğ•¿ğ–ğ–Šğ•µğ•¼
1224945167,Coontown revived
1774489056,á›‰ Revolutionary Lobby á›‰
1426059444,Skumshot RAC & Roll
1608875596,Simon Holmqvist
1498419694,Memory Holed
1476544117,Aaron Art
1533941798,VÃ©rszerzÅ‘dÃ©s (official)
1258974478,ğŸ©¸BLOOD TRIBE NEW ENGLANDğŸ©¸
1652994575,Striker Unfiltered
1387683696,ZÃ¶ldinges
1722478758,National Traditionalism
1485461318,The Legion
1279884824,GALLIA DAILY | Voice of France
1264708901,Patriotic Alternative Wales
1330998153,Mike Peinovich
1649886663,Nationalist-13
1417136285,Jack Dawkins
1294307136,NS retro photos
1150849367,Mark Collett
1737877530,Cory A. Reeves
1386149210,COLE WOLFSSON
1289723501,EarthPorn
1612259146,European Heritage
1836031285,"Folkish Fine Art and Survival Blog, plus jokes"
1351565439,National Corps International
1398056704,American Freedom Party
1348157542,Grug Strong ğŸ’ªğŸ»
1634863743,Goyimberg Propaganda Division
1123462974,/pol/ news archive
1423682004,Ğ‘ĞµĞ¾Ğ³Ñ€Ğ°Ğ´ÑĞºĞ¸ Ğ½Ğ°Ñ†Ğ¸Ğ¾Ğ½Ğ°Ğ»Ğ¸ÑÑ‚Ğ¸
1636000015,AB Resurrected
1357243305,Soldiers of the Precious Wounds of Jesus
1261210178,â˜€ï¸The Sun Ridersâ˜€ï¸
1628769329,Chris af VP
1491532249,LÃ©giÃ³ HungÃ¡ria
1394864973,Blocco Studentesco
1445739044,Folkish Appalachia
1569858833,Dissident-Homeschool
1196953931,Society of the Sacred Blood
1577850549,TRIUMPH ê‘­ INFO
1329681857,WLM_USA_MISSOURI
1416256514,International Conservative Community
1347756517,The JQ
1309673375,Art of Resistance
1292487413,DNA Nationalism
1591282556,The Overhand Right \o
1677722011,Wehrwolf Dynamics
1630778587,ğŸ©¸ğ–ğ–†ğ–—ğ–‡ğ–ğ–“ğ–Œğ–Šğ–— ğ–”ğ–› ğ–ğ–†ğ–™ğ–ŠğŸ©¸
1520269933,Bay State Active Club
1269109463,Will the Viking 88
1290447799,NS ACTION
1283063800,Old Country Vibes
1737187014,Ğ¼ĞµÑ…Ğ¾Ğ²Ğ°Ñ Ñ„Ğ°Ğ±Ñ€Ğ¸ĞºĞ°.mp4
1462113784,Patriotic Alternative Scotland
1634891478,Proud Poland
1512811765,Resolute Auditory Violence
1841371008,The Ohio Active Club
1454358125,Serbon Shop
1140772312,History Memes [destroyed with finesse and style]
1685423824,Activ88
1388333285,ğŸ”Š ğÑ”Ã˜â“ƒ ä¹ƒğ‘œğ•†ğ•„ä¹ƒáµ’Ï‡ ğŸ”Š
1814944737,Turning Point Australia
1796274803,GatorNat v.3 ğŸŠ
1887265621,Revolutionary White Brotherhood
1511032698,Nathan Damigo
1292138768,â„ğ• ğ•¦ğ•¤ğ•– ğ• ğ•— â„¤ğ• ğ• ğ•ğ•–ğ•£ğ•¤
1390707347,Emily Youcis
1335927003,The Conspiracy Hole
1986858305,Ğ¢Ñ€Ğ°Ğ´Ğ¸Ñ†Ğ¸Ñ˜Ğ° ĞŸÑ€Ğ¾Ñ‚Ğ¸Ğ² Ğ¢Ğ¸Ñ€Ğ°Ğ½Ğ¸Ñ˜Ğµ
1867994007,Jean Romegaire
1491918226,"European Tribalism - Mythology, European culture, survival"
1636727968,STRAIGHT EDGE FRANCE
1315767641,Movement History
1287995120,PhilosophiCat
1433415290,The Mannerbund
1252325946,Asgard Video
1638460735,âš¡ï¸ NSDAP was Christian
1357507335,SanatanaDharma
1782116114,ğŸ” OUEST CASUAL UNDERGROUND ğŸ”
1754914557,"Romanticism, irreverence & adrenaline"
1622918816,Justice for Jupiter
1436970685,Antelope Hill Publishing
1699653123,Third Position Directory
1562023842,Eisenfaust - Nonkonforme Ã„sthetik
1685658993,"Aryan Paganism, Traditions and Art (APTA)"
1704513552,Shadowman311s Shadow
1395048724,Hiraeth Music & More
1684266592,Working Man Memes
1286234150,ğŸ…µğŸ†ğŸ…´ğŸ…´ ğŸ†‰ğŸ…¾ğŸ…½ğŸ…´
1517200518,Hidden Truth
1265355020,Enjoy the Decline
1186016600,Tradition and Order: International
1499098030,GearÃ³id Murphy
1479163323,Tommy Robinson News
1736320250,âš¡Silver Stackersâš¡
1770725532,âœ™Ğ¡ĞŸĞ•Ğ¦ĞŸĞ†Ğ”Ğ ĞĞ—Ğ”Ğ†Ğ› Â«KRAKENÂ»âœ™
1515479395,ANTIFA WATCH
1842890492,ğ‘ğğ¯ğ¨ğ¥ğ®ğ­ğ¢ğ¨ğ§ğšğ«ğ² ğğšğ­ğ¢ğ¨ğ§ğšğ¥ğ¢ğ¬ğ¦
1867389151,Ancient Aryan Archives
1741909657,ğ’ğˆğ†ğŒğ€
1689211974,Cascadian Barbarian
1894597798,Blood and Faith
1699038596,ğŸ”´ GoyimTV âšª CLIPS âš«
1356859204,ğ•²ğ–”ğ–™ğ–ğ–”ğ–—ğ–šğ–’ âœ  ğ•¬ğ–Šğ–˜ğ–™ğ–ğ–Šğ–™ğ–ğ–ˆğ–˜
1727690272,ğ–.ğ….ğ. ğ–ğ¢ğœğ¤ğ¬ğ­ğ«ğ¨ğ¦ & ğ¦ğ¨ğ«ğ
1886831647,Eshay Nationalism
1492508129,Utumno
1489039632,White Advocate
1787772315,ğ‚ğ‘ğ„ğ– ğŸ‘ğŸğŸ— [ğ˜½ğ˜¼ğ™‰ğ™‰ğ™€ğ˜¿]
1787772315,ğ‚ğ‘ğ„ğ– ğŸ‘ğŸğŸ— [ğ˜½ğ˜¼ğ™‰ğ™‰ğ™€ğ˜¿]
1887764092,The Monthly White Art Challenge- Submissions & Inspiration
1492032668,Trash can
1376182848,Sons of Columbia
1434984353,MidgÃ¥rd Records
1305816450,Tales of Bravery
1762312645,Legion North Carolina
1565429058,Gemeinschaft der Eigenen
1584499743,STAND UP AGAINST ANTI-WHITENESS âš¡
1659844187,Vaderland V2 Afrikaans
1345451127,"""Der III. Weg""- Vogtland (Der Dritte Weg)"
1149136314,MODERN POLITICS ğŸ‡ºğŸ‡¸
1268143151,Worth Fighting For
1627147944,"""Der III. Weg"" - Burgenlandkreis"
1224434429,NationalrevolutionÃ¤re Jugend - NRJ (Der III. Weg)
1391253363,Midnight Rider Channel ğŸ‡ºğŸ‡¸
1567891251,LÃ©on Degrelle Archive
1190697173,The Aryan Path
1769209859,Right Side News
1653583193,ğš²ğ‘ğ‚ğš¨ğğ„ ğ•ğˆğ“ğš¨ğ‹ğˆğ“ğ˜ ğƒ°
1579746233,D.V.C.
1331125917,Mrgunsngear
1615661072,Aryan Living
1524361409,White is Sublime
1229487111,WLM_USA_MINNESOTA
1152481252,Fed Up Patriots
1688809110,âš”ï¸ THE BARBARIANS âš”ï¸
1469815925,WLM_USA_TEXAS
1571673949,The Faces of Antifa
1689258995,Athens Edition ğŸ‡¬ğŸ‡·ğŸ´
1416393424,WLM_EU_ITALY
1557866789,â€Der III. Wegâ€œ- Sauerland/Siegerland
1501830828,Propaganda Waffen
1629714763,WLM_reading
1592564357,SÌ’Í‚Ì“Í¦Ì¬Ì Ì¥Ì¼ÌÍCÍÌ HÌ‡ÌŒÌ‰Ì¯Ì°IÌÍ®Í¥Ì„Í‚ÌÍ®ÍˆÌ—Ì¼Í‰ZÍ¨Í†Ì²Í‰Í‰Ì¬Í™OÍ¯Í§Ì£Ì–Ì¤Ì¦Ì–ÌºPÍ„Ì˜Ì±OÍ¥ÍŒÍ¤Í„Ì£Ì—Ì»ÍšÍ”Í•Ì–SÍ¬Í…ÌªÍ‰Ì˜ÍTÌ‚Í¬Í¬Í†Ì©Í‰I ÌÌÍŒÌ’ÌÌ»ÍšÍ”Ì«ÌÌ²NÍ‚Í®ÍªÌ¬ÍˆGÌ‡Í‘ÍÍ†Í“Ì–Ì£Í–Ì¤
1552378681,SimonLindberg
1618047173,Thomas Sewell backup
1743734689,FIGHT CLUB
1856860857,American Nationalist Movement
1483299455,Revolt Through Tradition
1625319395,Based Book Excerpts
1803908638,ğŸ”Š Vigridsvallen Atletklubb
1219464423,Ğ£Ğ›Ğ¬Ğ¢Ğ ĞĞ¡ Ğ£ĞšĞ ĞĞ‡ĞĞ˜ ğŸ‡ºğŸ‡¦âœ™
1620531742,Revolution auf Sendung
1448916104,HAMMERTUBE
1557905753,ğ•³ğ–†ğ–—ğ–‰ ğ•¶ğ–“ğ–”ğ–ˆğ–ğ–˜ ğ•®ğ–”ğ–’ğ–‡ğ–†ğ–™ğŸ©¸
1769290763,Above Time Coffee Roasters
1321035470,WLM_USA_TENNESSEE
1191195236,Tenesoun
1724822273,Racial Science
1396978659,Nordisk Radio
1727404126,á›‰ ATTACK á›‰
1527646630,GreatApeNiggy
1672238530,Active Club IL
1285806521,Bellum
1195408739,Chrysopoeia â˜€ï¸
1834324586,Croatian Spirit
1535554316,AG Erde & Zukunft
1505857698,The Modern Rebellion
1815871053,burnzart
1624048039,The American Futurist Fans of North America
1529535942,The Davenport of Jack McKraken
1467420024,WILL2RISE2
1830742900,ACWW ğŸ•°ï¸âšª
1405279817,Potassium Nitrate Pilled
1596389577,RWDS FITNESS
1770547091,Ä€ryÄvarta á›Ÿ Archive
1178989752,MEDIA2RISE
1453052027,âšœï¸ European Thoughts âšœï¸
1237468878,WLM_USA_WISCONSIN
1625836612,WLM_USA_NEW_YORK2
1688237062,Thomas Sewell Podcast Archive
1193423105,Alea iacta est ~ Surf that Kali Yuga
1653562191,Blofeldâ€™s Undersea Lair (You Only Live Twice)
1739455686,COMBAT_FOOTAGEğŸ¦…ğŸ‡
1421567872,Full Haus Classic
1555268710,The Truth 2218
1612380350,ASPIRE ACTIVE CLUB
1234828118,Natsoc Florida
1650690203,Halls of the Hyperboreads
1436835664,Havamal Soapworks LLC
1627160143,"""Der III. Weg"" - Baden-WÃ¼rttemberg (Der Dritte Weg)"
1230676250,"StÃ¼tzpunkt MÃ¼nchen/Oberbayern ""Der III. Weg"""
1242673525,WLM_EU_SERBIA
1572056029,âšœSchutzstaffel Historyâšœ
1263886969,"Banned, Goto: @FaithAndFolk2"
1333989630,1. Mai 2022 - Arbeiterkampftag in Zwickau
1328466130,Antelope Hill Publishing (backup)
1488008494,WLM_USA_ILLINOIS
1430813596,White Positive Media
1277326207,Lucien Lacour
1159318550,The New American magazine
1680600034,Bubba Kate v The State: Round 2
1767008083,ARYAN BARBARIANS
1483670487,WLM_USA_KENTUCKY
1277476865,Gregory Conte
1848926607,Radio Albion
1692152143,Vanguard Britannica
1484471145,Natty Light Nationalism
1531954267,Lothringen Division
1440826143,Keith Woods
1485171695,Olifant Old
1820248920,ĞšĞ¾Ğ¼Ğ¸Ñ‚ĞµÑ‚ 212
1435468415,GhostEzra
1689202495,Thanos's Bookshelf
1583248917,ğŸğŸ¥‘ğŸ¥­Health is WealthğŸ‹ğŸ‡ğŸ¥
1690607175,Shadowman311s Censored Ramblings (The Sequel)
1613084641,FourteenWordsLibrary
1357364043,Unzensierte Nachrichten Neckar-Alb.
1429696375,Patriotic Alternative Official
1876516292,Faith And Folk
1511938993,Modern Kshatriya
1753558976,Tolerant Fellow's Hologram
1745031598,Black Market Tactical
1213261506,Archiving Irish Diversity Stuff (AIDS)
1484356321,WLM_USA_COLORADO
1598232961,ğ´ğ¹ğ¹ğ¿ğ¼ğ¶ğ‘‡ğ¸ğ·
1128083841,ĞĞ—ĞĞ’
1614910693,The Beauty Of The West ğŸ¤â„ï¸
1204478666,White North Crew
1161434992,Steve Laws
1230190290,Bronze Age Revival
1555165763,ğ‘¹ğ‘¬ğ‘°ğ‘ªğ‘¯ ğ‘¨ğ‘¹ğ‘ªğ‘¯ğ‘°ğ‘½ğ‘¬
1228213682,White Rex Original
1179424306,International Blackshirts
1172205399,White privilege?
1566351145,Team Asgard
1158428487,The Wardrobe ğŸ‘‘
1581040326,Memes Among the Ruins
1669676685,Karl Folkesson
1416713361,MotstÃ¥ndsrÃ¶relsen.se
1484150043,GruppaOF Official ğ•³
1159468619,Homestead Appalachia
1455847380,Huxâ€™s Deluxe Channel
1379194026,European Rebels
1790211208,ğŸ‡®ğŸ‡±ğŸ‘€ Jew Spotting!!
1574215399,White Chivalry
1293013534,/pol/ 4chan
1204575623,WLM_USA_FLORIDA
1139617484,Israel is a War Criminal ğŸ‡µğŸ‡¸
1460378598,âšœN.Z.Dâšœ
1696536630,And Here We Are
1635259727,Invisible Empire Publishing
1536437370,Australian Meditations 51
1764094524,Friendly Father
1536385847,Nelson Rockefellerâ€™s Center to Prevent Youth Violence
1768735227,Alsatian East
1476718045,Reichsfoto
1166506873,WHITE WELL-BEING
1687873099,White Noise Radio
1736043982,A
1779262948,White Lives Matter Russia
1549673933,WaffleWaffen ğŸ§‡ğŸ¥“ğŸ§‡
1158762602,Survive the Jive: All-feed
1678988598,Protect The Children Now
1522792021,Clown World Today
1342920865,Der III. Weg Westsachsen
1730851033,Lebenswert
1262978465,GREEN ARROWS
1810182217,"Rerum Novarum // Intelligence, Breaking News, and Alerts"
1659694420,Joshua Nunes
1526612678,ğ™ğ™ğ˜½ ğ™ğ™Š @ğ™…ğ™šğ™œğ™šğ™§ğ™¢ğ™ğ™œ1
1780168477,The Southron Archive
1573612532,The Paradigm Shift Channel â³
1272714261,Morgoth's Review
1752976456,Caucasiansá›‰Awaken
1425084649,WLM_USA_CALIFORNIA
1434194408,Mark Dice
1417239696,Academia Christiana
1700136522,ğŸ©¸ HAMMER ğŸ©¸
1458653164,ğ”—ğ”¯ğ”¦ğ”¡ğ”¢ğ”«ğ”±ğ”¦ğ”«ğ”¢ ğ”–ğ”¬ğ”²ğ”©
1495662806,Asatru Folk Assembly
1634868667,The Pogrom Central Manifesto
1205039292,Arditi's Art Gallery
1155198469,Imperium Press
1452565580,14 Sacred Words
1615632690,Follow @AryanGoblin
1242599517,Hyperborean memes
1353471530,(315h> Book Locker
1315581098,OUEST CASUAL â¡ï¸ RESCUE CHANNEL
1277512758,â„šğ•¦ğ•šğ•¥ğ•– ğ•€ğ•Ÿğ•¥ğ•–ğ•£ğ•–ğ•¤ğ•¥ğ•šğ•Ÿğ•˜
1758558999,Archive
1471073101,The Survival Outpost Official
1738352123,WLM_Canada_Materials
1532140979,Der Grosse Sturm - DKNAT
1514795572,ğ•¿ğ–ğ–Š ğ–‡ğ–ğ–Ÿğ–†ğ–—ğ–—ğ–Š ğ–™ğ–ğ–”ğ–šğ–Œğ–ğ–™ğ–˜ ğ–”ğ–‹ ğ–’ğ–ğ–“ğ–Š
1382073947,âœŠğŸ» WHITE LIVES MATTER
1620679648,Knitting / Sewing DKNAT
1575384798,Nordic Active Club
1226866970,CasaPound Italia ufficiale
1203251782,Volchads - garbage time is running out Edition
1215500639,WLM_USA_SOUTH_CAROLINA
1441536616,Bordeaux Nationaliste
1512943320,WLM_Canada_Viewing
1283319524,Kristoffer Hugin â€“ Texter & Media
1463909218,The War on Whites
1654037369,Atop The Cliffs - Occidental Poetry Journal
1487785203,Natsoc Florida
1362413031,Blitzkrieg
1236346229,ENDWORLD ARTS
1242634878,.
1283783788,CasaPound Napoli - Sezione Berta UFFICIALE
1546603317,WLM_CANADA_ALBERTA
1284383291,The Artwork of Friendly Father
1340797293,Noel le Pen
1246384689,Honor Bound Active Club
1573926218,The Apollonian
1472915345,White Boys Street Art
1480916688,WLM_USA_NORTH_CAROLINA
1784566240,TRÃ„TÃ„LJA RECORDS
1727630073,ğŸ•· Right Wing Tattoes ğŸ•·
1402830179,Fascist Fitness
1787253080,Skippy's White Boy Fight Tips
1473837411,NS ACTION
1758294908,Southern Sons Active Club
1292472394,Privacy & Security Goys
1838215777,SUNSHINE STATE NATIONALISTS
1799898734,Goyim Shitposts
1655672519,Thomas Sewell Speech Archive
1545011123,áš¹á›Ÿá›áš¨áš¾ áš¨áš¢á›áš±á›áš²ášº
1629138779,A Sewellian Dream
1283461938,Ultras Not Reds 18+
1534626323,NSCC Magazine
1459268314,Trad West
1477937541,WLM_USA_KANSAS
1621848558,Authenticity
1392329921,Prof. Kai Murros
1676792317,European Insider
1528045757,Natsoc Florida V2.
1520442055,Weimar Republic Remix
1284827527,DER III. WEG - Sachsen
1310264596,Pugilato NS Hardcore ê‘­
1586221325,WW2TruthVideos
1464667483,Eric Striker
1764980392,The Modern Bushranger
1391544796,Warren Balogh NJP ğŸ’€âš¡âš¡
1379201238,The Forbidden Bookclub
1131391619,Troublemakers & Ultras Action
1408319094,Volksfront-Medien (Der III. Weg)
1358545890,Front Range Active Club
1709986839,KOB - Notre histoire devenue lÃ©gende
1257485800,Alternative History 2039
1521514618,StopKikery
1962212724,Reject Agenda
1377789757,Revealerist
1200851498,Jack Posobiec
1411205358,Ã“ige NÃ¡isiÃºnach
1290229693,Intermarium TV ğŸ‡µğŸ‡±ğŸ‡¨ğŸ‡¿ğŸ‡«ğŸ‡®ğŸ‡¸ğŸ‡ªğŸ‡±ğŸ‡¹ğŸ‡±ğŸ‡»ğŸ‡ªğŸ‡ªğŸ‡¸ğŸ‡°ğŸ‡¸ğŸ‡®ğŸ‡·ğŸ‡´ğŸ‡ºğŸ‡¦ğŸ‡­ğŸ‡·
1738743147,Polish connection
1611051781,Justin Barrett
1606422702,Texas Nationalist
1512214198,Write Winger
1273312197,Forteresse Europe
1202024582,The Fyrgen â€¢ áš«á›šáš¢:áš¢á›šáš«
1681539189,Alt Skull's Charnel House
1345806846,WLM_CANADA_BC
1238912757,GoTo @NSC131OFFICIAL
1368664616,Canada First
1412906359,Warren Balogh NJP ğŸ”¥
1778518056,Aryan History
1305211349,WLM_USA_WASHINGTON
1424071776,Black Flag Shop
1496109597,WLM_USA_OKLAHOMA
1334204098,Inside looking out.
1756116056,Based anti-Semitism report -Australia
1745849364,ğ‘µğ’‚ğ’•ğ’Šğ’ğ’ğ’‚ğ’ ğ‘ºğ’ğ’„ğ’Šğ’‚ğ’ğ’Šğ’”ğ’• ğ‘¨ğ’“ğ’„ğ’‰ğ’Šğ’—ğ’†
1554578584,RED Angers
1589398965,Rose City Nationalists
1188121323,Die Vryburger Beweging
1467517334,tomrum
1602013715,InvestigateJ6
1617509980,Dissident Thoughts
1740255814,NS ACTION 18+
1257058675,WLM_USA_LOUISIANA
1183340467,Alternativ fÃ¶r Sverige
1294845202,ğŸŒ²EvergreenğŸŒ²
1783583457,DÃ¡ithÃ­ de BÃºrca
1622911678,Bubba Kate v The State
1811835318,ğ“”ğ“¾ğ“»ğ“¸ğ“¹ğ“®ğ“ªğ“· ğ“¥ğ“¸ğ“µğ“´
1230225334,WLM_EU_NORWAY
1365123969,Fraction
1522078362,Australian Natives' Association
1451740890,Yan Mac Oireachtaigh
1324945981,Right Voice
1857127402,WHITE WOMEN'S DISCUSSION CHANNEL âš¡
1280917498,Realistic Aryan Perspective
1681044339,Mr. Bond Music Archive
1432950893,ï¸I HATE THE ANTICHRISTï¸
1216001239,SamurÃ¡i de Occidente
1297074206,Alvarium
1597987792,The Right People Z
1569643784,Patrick Quinlan
1377891586,La mesnie Herlequin
1402323713,UN SÃ¼dhessen/ Westerwald/ Taunus
1187812373,LifeSiteNews
1266447726,Global Resistance News
1565188503,James Reynolds
1531021409,ğŸ” OUEST CASUAL UNDERGROUND ğŸ”
1659148443,EuroNet
1749300045,Germanisk Smed
1894469348,RaphaÃ«l Ayma
1493281246,Casus Belli
1601278492,Project Veritas Action
1539710436,TikTock News & Humor
1372302601,Nacjonalistyczny Szczecin
1317600535,Azione Cultura TradizioneğŸ‡®ğŸ‡¹
1530205157,Gym XIV
1786846134,NBC010
1403222708,Il Mastino Verona
1765948029,WHITE LIVES MATTER deleted
1628948324,Convoy 2022 NZ
1446336753,III Droga
1792799733,Working Class National Socialism
1314838603,MANTO music
1802585485,PARTISAN
1499804747,Resistance Arts
1770320496,NRM back up
1218590505,Schild & Vrienden
1573997707,Western Decline (Censored)
1406312796,Coronavirus Plushie
1719053598,Defenders of Donbass / Ğ—Ğ°Ñ‰Ğ¸Ñ‚Ğ½Ğ¸ĞºĞ¸ Ğ”Ğ¾Ğ½Ğ±Ğ°ÑÑĞ° ğŸ…‰
1204502898,Patriots of Ireland
1314940146,Late Stage Ireland
1192349175,Golden Age Man [Censored Again]
1519046701,Southern Secessionist Sanctuary- Tennessee Division
1704919922,Boycott List
1886242511,Active Tennessee
1694032422,Third Position Radio
1353537774,ğŸ’€TFOWEğŸ’€ nuke
1746291018,Old Line Active Club
1227831554,Patriotic Alternative West Midlands
1310984791,Intel Slava Z
1442087275,ğ”—hird â„œeich â„­inemaã€åã€‘
1672957134,National Bolshevik Radio
1520639179,The Cradle
1564046965,Patriotic Alternative North West
1796096784,Blocco Studentesco Roma
1494606687,ğš‚ğ™¿ğ™¾ğšğšƒğ™¸ğš…ğ™½ğš„ğ™¸ ğ™¸ğ™½ğšƒğ™´ğšğ™´ğš‚
1686611136,Gulf Coast Active Club
1206720213,Andrew Joyce Unofficial Archive
1712807576,Wisconsin Christian Conscience
1189709213,Laura Towler
1159070713,Strenge Jugendâ˜ ï¸
1286075490,Movimento Nazionale - La Rete dei Patrioti
1445501141,Faggot Hate
1421190628,Der Dritte Weg - ThÃ¼ringer Wald
1429780092,Uudenmaan akseli
1279872812,Christianity and fascism
1206639424,Geuzenbond â€“ International
1423548556,Jack Fell's Reflection
1668548768,NORDICISM
1712425186,Praise Yahweh
1451350009,White Lads Aesthetics
1627814879,Baileys archive
1186933663,Gonzalo Lira
1206185993,Censored Anon
1488289712,ğ—¢ğ—³ğ—³-ğ—šğ—¿ğ—¶ğ—± ğ—œğ—¿ğ—²ğ—¹ğ—®ğ—»ğ—± â˜˜ï¸
1600851665,WLM_CANADA_AB (PRIVATE)
1746657805,Ukraine EXPOSED ZOV (Winter is coming edition)
1226429584,SaveYourBloodğŸ‡µğŸ‡±
1695241183,Militant Wire
1276923832,AUDACE ğŸ´
1620420179,Tafelrundereloaded
1695202376,Philosophy and Science
1490443062,On the BorderğŸŒµ
1404482793,The European New Zealander
1400488614,áš¾á›Ÿáš±áš¦áš¢áš±á›šá›–á›áš¦
1476688078,The Fascifist Archive
1883702819,Aryan Syndicate News
1881382655,Populo & Libertas
1524273497,Justin Barrett Live
1366548306,Catholic Information Hub
1717886966,Repetitive Doom Loop
1841394015,AntifaTracker
1190597866,Zoltanous HN
1220774219,The Red-Brown Alliance
1240025791,ğ‡ğ˜ğğ„ğ‘ğğğ‘ğ„ğ€ ğ€ğ…ğ‘ğˆğŠğ€ğğ„ğ‘ğ‹ğ€ğğƒ - UN-Bretton-Woods collapse edition
1350644271,Patriotic Alternative North West
1545488517,Spooky's
1266930877,HAMMER (banned)
1575457569,Sigmund's Metaphysical MÃ¤nnerbund ğŸœ¨
1241048125,Aristogenesis
1201238954,á´…Éªsá´…á´€ÉªÉ´ Ò“á´Ê€ sÊœÉªÊŸÊŸs
1744245608,Zentropa Ultramar
1378113154,WLM_USA_UTAH
1549787265,Gentile Front
1773169675,STRAIGHT EDGE FRANCE
1642114460,Western Identity
1569474704,The Futurist Observer Official
1377225612,Asgard Brand (Apple ban)
1405870236,Hacer NaciÃ³n
1364089523,WLM_EU_GREECE
1680851892,Dawn of the Black Sun
1618756462,AU á›‹á›‹
1393762287,ğŸŒ RAC International ğŸŒ ğŸ‡©ğŸ‡ª Deutschrock ğŸ‡©ğŸ‡ª
1287076691,White Lives Matter Official Chat
1362500827,GypsyCrusader News Network
1471335286,MÃ¢le Sigma France
1169129649,WLM_EU_GERMANY
1527591032,Weimerika Wilderness
1810020785,Klanswoman
1397643826,Radio Wrath
1614856960,Spooky's Archive
1541537103,Nationalists Prep for the 'Great Reset'
1544317965,Epic Danger HQ
1425880710,Kelly's Channel
1164889430,Tiwaz Comfy Corner
1481985424,Esoteric Lindy
1167456126,WHITE LIVES MATTER_PHOENIX
1739839710,â„œğ”¢ğ”«ğ”ğ”¦ğ”°ğ”°ğ”ğ”«ğ” ğ”¢ ğ”ˆğ”¦ğ”¯ğ”¢
1191241585,ğ˜¿ğ™«ğ™¤ğ™§ğ™¤ğ™«ğ™–ğ™®ğ™– ğ™€ğ™¡ğ™ğ™©ğ™–
1303089864,Nordic Resistance Movement
1874427769,Frontenac AC
1179632534,Europa Invicta - Old School
1350251558,ZusammenrÃ¼cken
1322201893,Des Tours et des Lys
1423067064,SERVIAM- I Will Serve
1247038183,Way of the World
1676849465,THE FALL OF RACE MIXING ğŸš«
1245507567,Adolf Hitler's Art Gallery
1855762283,Jonathan Weidner - The Catholic Integralist
1495162758,White Lives Matter Ukraine
1159889419,Action Zealandia
1751351553,Libs of TikTok Fans
1341385488,Based Shitposts
1670314096,Mannerbund
1278366517,Europa - The Last Battle
1716785560,Black Sun Vanguard
1323053220,WLM MASSACHUSETTS
1270946450,ÈºÎ·Ñ‚Ğ½Î±Ñ•GÎ±Ñ‚Ñ”
1728630568,"Official Tennessee Proud Boys ""GOON SQUAD"""
1489310259,Press ESC to go back
1576573708,Muscular Christianity
1819624434,Edward Nelson dox
1658462532,Antipodean Resistance Archives
1161666782,"Bellum Acta - Intel, Urgent News and Archives"
1548662987,John_Fashcroft (announcements) Chat
1231166616,FUCK THE ABC
1814477406,Radical Paganism.
1282230758,OUEST CASUAL
1501387572,STRAIGHT EDGE POLSKA
1885056745,GREAT WHITE NORTHMEN
1430876393,The Burkean
1665864896,Socialism With Australian Characteristics
1584591597,Race Realism Channel
1799957351,The way of the warrior
1763970933,á›‰ ğŸ©¸Hyperborean Guardsman ğŸ©¸ÏŸÏŸ ğŸ‡¨ğŸ‡¦
1742766197,DEVOTION JIU JITSU
1395110101,Str8 or Die
1211507707,Carry the Banner
1695792093,ğŸ‘ŠğŸ» WHITE LIVES MATTER RESERVE
1321650946,The Great Reset Times
1725510250,Join @EuropaDefenders
1533218134,BASED NEWS
1585919701,Dissident Minds
1777655441,The Wolven Instinct
1303094780,Jason Kessler (â€œHappeningsâ€)
1214662276,Identity England
1396124827,The Barbarian Clergyman
1387912140,The Awakened Species â˜€ï¸
1617147305,Way of Sparta
1276653377,AZOV Ukraine Supporters ê‘­ğŸ‡ºğŸ‡¦ğŸ”±âœ™å
1294067978,@PhilipDwyer
1476242950,Sam Melia: A Grug's Life
1476381993,Wide Awake Media
1167089267,Der III. Weg (Der Dritte Weg)
1443613812,The Reality Report
1250848320,Steve Bannon's War Room Pandemic
1491006412,Aesthetics rising (Mountain Man)
1361691462,âš¡ï¸Bastion Croatiaâš¡ï¸
1188960726,Fight Porn
1577022967,Schutzstaffel
1216193479,â˜ âš¡Me Ne Fregoâš¡â˜ 
1392773702,Ğ—ĞµĞ½Ñ‚Ñ€Ğ¾Ğ¿Ğ° Ğ¡Ñ€Ğ±Ğ¸ja
1785399545,The Destruction of Europa 2 ğŸ¤œğŸ»âš¡
1539247099,Pahkâ€™d Cahs & Hard Râ€™s
1662239286,CUNT AUSTRALIA
1611899126,News | Without LiesğŸ‡ºğŸ‡¸
1737230343,cAuCasIaN cOaCHiNg
1318801077,The Post Millennial
1730903921,The American Militant
1383999758,DismantlingTheCabal
1723595940,WLM_materials
1480039700,Aurora de Ferro
1591829308,Packet Pusher
1322809759,American Nationalist Initiative (Official)
1419303885,Townsville Free Corps
1497242922,Vault of Secrets - Unpopular History
1562193047,PA Fitness Club
1368449025,Narcissist Syndicate Movement (NSM)
1607444107,World Wide NatSoc
1573160463,Censored Michael McKevitt NJP â´²
1811583355,nordic maine nationalists uncensored
1599629993,The Western Chauvinist(Punished)
1389541840,Death Lads for Cutie
1466014518,Blackpilled
1299807208,VDARE.com
1452790068,WLM_USA_ARIZONA
1248795940,NJEHA Official Feed
1390659157,ULTRA Pepe Lives Matter ğŸ¸
1412586803,Traditional Britain Group
1695367639,The Distinction: F-for110
1314572754,It's OK To Be White
1524189467,Revolt Against The Modern World
1583004182,Lance's Legion: Taberna
1606614250,Ä€ryÄvarta á›Ÿ
1643061609,@RawTruth777
1420697550,Human Trafficking + Elite Pedos Exposed
1181334075,Street Art White Boys
1409521802,Andy Ngo (Official)
1524242981,Restringing The Ties
1671964902,Friendly Father Extended Edition
1402822256,South Africa Dump
1466196856,Midwest Activists
1433164113,MILITANT ZONE
1229606559,C E N S O R | M E | D A D D Y
1252903363,The National Party â”‚ An PÃ¡irtÃ­ NÃ¡isiÃºnta
1489041186,Freedom Library
1807859983,Prepare or Die
1201072738,Skullâ€™s Charnel House Mirror
1465869102,Lupta NS - Nationalistii Autonomi Timisoara (NAT)
1412773550,Meme Cannons
1197278601,Vinnie Sullivan
1168156492,Dire Dogs den
1402823691,Sons Of Columbia
1576776720,T E R R O R
1220969170,The White Butterfly
1522484691,HARD KNOCKS ENTERTAINMENT
1216512717,Amerikaner
1692306154,TOTAL ARYAN VICTORY
1595002721,K
1735418495,Legion Wear
1731291355,Awakened Serbia
1756085505,DKNAT Archives
1195438885,STRANGER THAN FICTION NEWS
1802023597,ARYANS EH
1181700715,ÑĞ¾Ğ»ÑÑ€Ğ½Ğ°Ñ Ñ†Ğ¸Ñ‚Ğ°Ğ´ĞµĞ»ÑŒ
1361063681,Neues Europa
1288809798,Maxime Bernier
1168822733,The NorrÅ“na Society
1530585015,Museum Morta
1525495714,RWR
1708519909,Keserves2
1455051484,The Chad Pastoralist: History Memes and Content
1303980993,American Defense Skinheads
1577656053,PLP Returns
1862625715,Nature Coast Active Club
1559786983,Christ's Legion
1588600506,Bombadilâ€™s Athenaeum
1592203252,National Socialist Order of Nine Angles (Sponsored by American Futurist)
1271615240,Anti Defamation Fatigue
1339029850,terminalcwo
1571941263,WHITE LADS HYPE CENTRE
1584392564,D Poker Cabal
1240292818,TradPics
1442047675,Chupacabra Kennel
1436184974,"Banned, Goto: @FaithAndFolk2"
1679376087,__________
1477549018,Ká´sÊœá´‡Ê€ Má´€Ò“Éªá´€ âœ¡ï¸ï¸ Tá´€ÊŸá´á´œá´… Aá´˜á´˜Ê€á´á´ á´‡á´…Â©ï¸
1596199522,ğšƒğš‘ğš ğš†ğšŠğš› ğ™³ğš’ğšŠğš›ğš’ğšğšœ
1580553951,Illyrian Storm ğŸ‡¦ğŸ‡±ğŸ´
1445250559,Surviving at Any Cost
1266927523,Tony ğŸ‡®ğŸ‡¹
1425372427,European Spirit
1443498236,Jared Howe / So To Speak
1754714046,Culture War Room
1413903316,Big Sky Active Club
1353696172,ğŸ”¥ğŸ”¥ğŸ”¥SpaceJewğŸ”¥ğŸ”¥ğŸ”¥
1403306129,Wild World of Control ğŸ‘»ğŸ‘½ğŸ’€ğŸ’©
1752582200,Revolutionary Arts
1793357530,White Pill Art
1385390491,LeakyVax
1406326211,The_Mind_Farmer
1530360318,BÌ¶LÌ¶AÌ¶CÌ¶KÌ¶ Ì¶SÌ¶UÌ¶NÌ¶ Ì¶RÌ¶IÌ¶SÌ¶IÌ¶NÌ¶GÌ¶
1163816325,3D to 5D Consciousness
1478154831,Patriot Front
1154349808,Health Ranger
1319373612,Clockwork Crew
1629303104,Vanguard Streetwear
1694249920,Thomas Sewell Extended Edition backup
1362144387,Smokes & Memes v.2.0
1402613946,Ulrich Hirschmann Archives
1493064098,West Coast News & Discussion
1382670897,White Alexandria's Library - MAIN
1796735800,Werwolf HQ
1628778499,CasaPound Pordenone
1329141017,Dr William Luther Pierce Archive
1486751779,Ooga Booga ğŸ’
1400434685,The European Race âœ¨
1736341048,WLM_CANADA_ONTARIO
1638394327,Political Hacker âš¡ï¸âš¡ï¸
1530770654,Join â¡ï¸ @EuropeanDefence7
1611856276,Wild Rose Athletics Club
1388025017,THE AWAKENED ARYAN
1496387247,Archive Reich
1580187873,Prepping/Survival Skills & Firearms
1162710391,The Khazarian Effect
1369081421,ARYAN FREEDOM NETWORK OFFICIAL.
1692538789,ğŸ‡¨ğŸ‡¦ Private Canadian News ğŸ‡¨ğŸ‡¦
1557050385,The Frithstead
1449700943,Tony Hovater(censored)
1489074966,The White Pill
1272868362,Building a Third Force
1437063163,Proud Boy to Fascist Pipeline
1340072552,Dan Davis Author
1343351768,Patria & Fides
1720135876,White Pride Worldwide
1632456920,MYSTIC
1392512037,Balaclava Graphics Bautzen
1393682270,â€¢ Hellas â€¢ Î•Î»Î»Î¬Î´Î± â€¢ Greece
1420055454,Identity Europe
1734949707,Druids of The Black Sun
1571486974,NS Unity Kulturkampf Channel
1524475848,Stolt Vit Ungdom
1353784706,Tucker Carlson
1529657080,Reichskulturkammer
1765036398,Ghost of de Maistre
1382653985,Homeland and Family
1404963236,Follow @WhitesAgainstLoxism88
1763156616,Golden Age Man
1202166684,ObÃ³z Narodowo-Radykalny
1496098466,WLM_AUSTRALIA
1295979340,Pacific Northwest Territorial Imperative
1298712056,WLM_USA_PENNSYLVANIA
1475754218,Rebel News
1437083886,Sons Of Appalachia 2.0
1680636620,WLM_Limburg
1746754148,Smokes & Memes v.3.0
1465437561,WW2 The Untold Story
1490456807,WLM_USA_GEORGIA
1485866666,1
1714367286,NSÃ…C | Northern Regional Chapter
1247452332,WLM_EU_LITHUANIA
1763174314,Hoosier Nationalists
1584075690,Bertie Bassett
1606948414,WLM_CANADA_QUEBEC
1659492441,Rising Warrior Caste
1173848870,Shadowman311's Schizophrenic Ramblings
1141232138,WLM_USA_ARKANSAS
1426198085,American Krogan
1496723300,WLM_EU_UNITED_KINGDOM
1156849919,HookNoses
1191378693,9pur sang
1230292617,WLM_EU_SWITZERLAND
1205838694,The European Nationalist
1722611034,Akcja Mobilizacja
1338122650,Proud Goys
1178784302,Emerson Artwork
1353234349,n/a
1351700698,WELLINGTON ARMS
1636229918,High Energy Brah on Telegram
1541090926,WLM_BE_FLANDERS
1235314961,History of Marxism
1521598473,F.A.C.T (Fascist Action Coming Through)
1293828065,WLM_EU_AUSTRIA
1359539698,THE HEROIC IDEAL
1337342032,Miesling News
1545394573,White North Trips
1471634989,White Eagle Art
1160557560,WLM_EU_IRELAND
1399766179,WLM Connecticut
1237744593,National Justice
1381200611,Wave guy Art
1315022231,UNDER CONSTRUCTIONğŸš§ğŸš§
1234391406,WOLVENRAD
1465591212,Christ Alone
1312897716,WLM_USA_OREGON
1202221883,Wholesome & Virtuous
1617542463,Biopolitics Blog
1486036068,Pure Politics
1444804858,Active Club Canada Chat
1353338831,Global Minority Initiative
1290013622,Thuleskog censored
1514101393,ğ™ğ–”ğ–”ğ–’ğ–Šğ–—ğ–ğ–†ğ–‹ğ–‹ğ–Šğ–“
1161242532,Kampfy Quotes
1738807082,WLM_Canada_Reading
1486568601,The New Normal
1309429135,Based TikTok
1321097837,Pride france
1334690149,Active Club Podcast
1485775180,Neighborhood Watch!
1367884658,WLM_USA_WEST_VIRGINIA
1320240409,Apacheâ€™s Hangar
1339422912,Wir sind verboten - Na und?! Der Auftrag bleibt!
1240512443,Nationalist Businesses
1228474199,South Africa Reports
1376621654,Erwache
1432763973,National Socialist Creators Club
1197051458,É´á´‡á´¡sÊ™á´‡á´€sá´›Â 
1265370757,OUEST ê‘­ CASUAL (BANNED FROM APPLE & ANDROID)
1218079248,WLM_EU_POLAND
1401642358,WLM_EU_SWEDEN
1372359253,WLM_EU_BULGARIA
1219611042,Jaz Searby'sğŸ©¸ HARD KNOCKS COMBAT channel
1436976095,Data distribution center
1252056510,P.H.O.E.N.I.X. (iOS banned)
1578446233,North Carolina Nationalists
1482446905,RME Active Club
1358646581,JinjerZilla
1471677550,Europa Terra Nostra
1459564684,White Fight
1208345666,Ğ—Ğ±ĞµÑ€ĞµĞ³Ğ¾Ğ²Ğ¸ÑÑŒĞºĞ¾
1158235037,Kalvingrad Patriote ğŸ‡¨ğŸ‡­
1486654313,California Activism
1675734079,WLM_Noord_Holland
1414802680,PA Fitness Club Scotland
1298975142,AN ÅÃ“DÅ¹
1267037297,Autonomiczni NacjonaliÅ›ci PuÅ‚awy
1540856259,Ğ¡Ğ¸Ğ±Ğ¸Ñ€ÑĞºĞ¸Ğ¹ Ğ¢Ñ€Ğ°ĞºÑ‚Ğ¸Ñ€ÑŠ
1538976875,WLM Noord Brabant
1304790787,WLM_USA_IOWA
1365926216,Eternal Sun Art
1168785132,"Steel City Lad, ğŸ¥¾ğŸºğŸ´ó §ó ¢ó ¥ó ®ó §ó ¿ğŸ‡¬ğŸ‡§."
1248888501,HAMMER (banned)
1595966671,Old North State
1164602202,REGNVM EVROPA
1496393470,ğ’ğ“ğ‘ğ„ğğ†ğ“ğ‡ ğ‚ğ•ğ‹ğ“
1559172988,White Strike World Wide
1566148571,Patriotic Alternative North East
1220769358,ĞšĞ»ÑƒĞ± 451
1299298785,WLM_EU_ROMANIA
1344122753,ViriliHyperborum
1539974291,Î•Î¸Î½Î¹ÎºÎ® ÎÎµÎ¿Î»Î±Î¯Î±ğŸ‡¬ğŸ‡·ğŸ´
1167449028,WLM Maine
1321511475,The World We Created
1217940322,Friends Of Asgard
1487251982,Converging Arrows Network
1385914528,Patriotic Alternative | Yorkshire
1186506728,Genesee Nationalist Club
1441773395,DNVF Records
1157349073,WLM_USA_MARYLAND
1363653199,WLM Russia (Ğ ĞµĞ·ĞµÑ€Ğ²Ğ½Ñ‹Ğ¹ ĞšĞ°Ğ½Ğ°Ğ»)
1248156641,Victory Forever Radio
1258402231,WLM_EU_FINLAND
1249715101,Caesar Australis
1414924886,ğŸŒ² ButchersArtStation ğŸŒ²
1176453489,ğ•¹ğ–”ğ–—ğ–‰ğ–ğ–ˆ ğ•¾ğ–šğ–“ ğ•­ğ–šğ–‰ğ–†ğ–•ğ–Šğ–˜ğ–™ áš¾á›Ÿáš±á›á›áš² á›‹áš¢áš¾
1137539331,ğ‘¬ğ’’ğ’–ğ’‚ğ’ğ’Šğ’•ğ’š ğ’Šğ’” ğ’‡ğ’ğ’“ ğ’–ğ’ˆğ’ğ’š ğ’ğ’ğ’”ğ’†ğ’“ğ’”
1312215092,TruthGraphs
1217833033,NS Music Archives NSMA
1434198382,Asgard Catalog
1619771815,WLM Zuid Holland
1727164454,White Pride Discussion Group
1381055875,ACTIVE CLUB
1292983531,WLM_EU_BELGIUM
1566459172,WLM_Utrecht
1399558311,Daughter of Albion Official
1710762909,WLM_CANADA_ARCTIC
1578890406,WLM_events
1773735406,WLM_NOORD_BRABANT
1582522923,Patriotic Alternative London
1370097865,WLM_USA_MISSISSIPPI
1236945396,WLM_USA_NEW_YORK
1523694063,NS United
1354124117,WLM_EU_DENMARK
1768183275,WLM_USA_NEW_YORK2
1471707262,WLM_USA_NORTH_DAKOTA
1151735293,WLM_USA_NEBRASKA
1245621517,WLM_EU_CZECH_REPUBLIC
1503217411,WLM_tutorials
1201192841,GoTo @NSC131OFFICIAL
1464694404,WLM_USA_NEVADA
1208838854,White Eagle Art 2.0 UNCENSORED
1224841710,Cozy Corner
1413492224,GoTo @NSC131OFFICIAL
1732839594,HAMMER (banned)
1392160803,Breaking911
1124148787,MartinezPerspective Vids
1256483735,FourteenWords Podcast
1358717596,Aryan Bacon's NNZ
1367765457,WLM_USA_CALIFORNIA_CHAT
1251486650,Jack Fell
1312500907,WLM_LATIN_AMERICA
1291544823,ğ–¦ White Defense Force ğ–¦
1134544313,WLM NEW HAMPSHIRE
1197014308,White Lives Matter Official
